"1648164236.0508711","54.0"
"1648164236.051085","83.41"
"1648164236.0512042","83.54"
"1648164236.051286","83.67"
"1648164236.0513651","83.67"
"1648164236.051451","83.41"
"1648164236.051529","83.67"
"1648164236.051593","83.41"
"1648164236.0516548","83.54"
"1648164236.051714","83.54"
"1648164236.051775","83.54"
"1648164236.0518332","83.54"
"1648164236.051893","83.41"
"1648164236.0519521","81.48"
"1648164236.052014","83.67"
"1648164236.052072","83.67"
"1648164236.0521312","83.41"
"1648164236.052199","83.67"
"1648164236.052261","83.41"
"1648164236.0523388","83.54"
"1648164236.052449","83.41"
"1648164236.052534","83.67"
"1648164236.05262","83.93"
"1648164236.052704","83.67"
"1648164236.0527701","83.15"
"1648164236.0528698","83.67"
"1648164236.052952","83.54"
"1648164236.0530329","84.31"
"1648164236.053113","84.44"
"1648164236.053195","83.67"
"1648164236.053281","83.41"
"1648164236.053366","83.8"
"1648164236.053448","83.54"
"1648164236.0535522","83.67"
"1648164236.053654","83.8"
"1648164236.0537589","83.54"
"1648164236.053844","83.54"
"1648164236.0539038","83.54"
"1648164236.0540001","83.67"
"1648164236.05407","83.54"
"1648164236.054144","83.54"
"1648164236.054209","83.54"
"1648164236.054265","83.54"
"1648164236.0543208","83.28"
"1648164236.054379","83.54"
"1648164236.0544481","83.54"
"1648164236.054515","83.93"
"1648164236.0545769","83.54"
"1648164236.054646","83.41"
"1648164236.054729","83.8"
"1648164236.054857","83.54"
"1648164236.0549319","83.41"
"1648164236.054995","83.41"
"1648164236.055068","83.54"
"1648164236.055132","83.41"
"1648164236.0551958","83.54"
"1648164236.055277","84.31"
"1648164236.055337","83.41"
"1648164236.055406","83.41"
"1648164236.0554721","83.67"
"1648164236.0555499","83.67"
"1648164236.055609","84.06"
"1648164236.0556722","83.54"
"1648164236.055735","83.54"
"1648164236.0557911","83.67"
"1648164236.055855","85.86"
"1648164236.0559108","83.28"
"1648164236.055979","83.41"
"1648164236.056085","83.67"
"1648164236.056164","83.41"
"1648164236.056226","83.28"
"1648164236.056285","83.41"
"1648164236.05634","83.54"
"1648164236.056396","83.54"
"1648164236.056451","83.54"
"1648164236.0565288","83.8"
"1648164236.056598","83.54"
"1648164236.056674","83.28"
"1648164236.056737","83.8"
"1648164236.056799","83.41"
"1648164236.0568619","83.67"
"1648164236.056923","83.15"
"1648164236.056989","82.89"
"1648164236.0570629","83.02"
"1648164236.057125","83.54"
"1648164236.057181","83.41"
"1648164236.0572412","83.8"
"1648164236.057298","83.54"
"1648164236.05736","83.93"
"1648164236.057469","83.54"
"1648164236.057556","83.67"
"1648164236.0576372","83.67"
"1648164236.0577111","83.54"
"1648164236.057791","83.54"
"1648164236.057856","83.15"
"1648164236.057927","83.67"
"1648164236.0579882","83.41"
"1648164236.058052","83.41"
"1648164236.0581079","83.8"
"1648164236.058167","83.67"
"1648164236.058222","83.41"
"1648164236.05828","83.02"
"1648164236.0583448","83.54"
"1648164236.05841","83.54"
"1648164236.0584729","83.54"
"1648164236.058534","83.41"
"1648164236.058656","83.54"
"1648164236.058784","83.54"
"1648164236.058882","83.54"
"1648164236.058968","83.93"
"1648164236.059055","83.54"
"1648164236.0591512","83.67"
"1648164236.059239","83.54"
"1648164236.0593102","83.15"
"1648164236.059395","83.54"
"1648164236.059454","83.67"
"1648164236.059517","83.54"
"1648164236.059583","84.06"
"1648164236.059649","83.41"
"1648164236.0597088","83.41"
"1648164236.0597818","83.67"
"1648164236.0598788","83.93"
"1648164236.059959","83.67"
"1648164236.060034","84.83"
"1648164236.060111","83.54"
"1648164236.060172","83.54"
"1648164236.0602381","83.41"
"1648164236.060304","83.54"
"1648164236.0603662","83.67"
"1648164236.060431","82.38"
"1648164236.060501","83.28"
"1648164236.060559","83.54"
"1648164236.060624","83.54"
"1648164236.060683","83.67"
"1648164236.060742","83.8"
"1648164236.0608058","83.67"
"1648164236.0608692","84.06"
"1648164236.0609238","83.67"
"1648164236.060979","83.67"
"1648164236.0610392","83.67"
"1648164236.0611572","83.67"
"1648164236.061249","83.67"
"1648164236.0613408","83.41"
"1648164236.06142","83.54"
"1648164236.061497","83.28"
"1648164236.061583","83.54"
"1648164236.061666","83.41"
"1648164236.061753","83.54"
"1648164236.061845","83.54"
"1648164236.061926","83.8"
"1648164236.0620039","83.41"
"1648164236.0620842","83.67"
"1648164236.062167","83.54"
"1648164236.06226","83.41"
"1648164236.062407","83.54"
"1648164236.062492","83.93"
"1648164236.062557","83.54"
"1648164236.0626519","83.54"
"1648164236.062737","84.57"
"1648164236.062816","83.54"
"1648164236.062895","83.41"
"1648164236.062973","83.8"
"1648164236.063051","83.41"
"1648164236.0631292","83.54"
"1648164236.063207","83.28"
"1648164236.063284","83.28"
"1648164236.063361","83.41"
"1648164236.063485","83.54"
"1648164236.063581","83.54"
"1648164236.0636811","84.06"
"1648164236.0637681","83.41"
"1648164236.063849","83.02"
"1648164236.063933","83.54"
"1648164236.0640152","82.51"
"1648164236.0641","84.06"
"1648164236.064182","83.67"
"1648164236.0642638","83.41"
"1648164236.0643451","83.28"
"1648164236.0644429","83.67"
"1648164236.0645518","83.41"
"1648164236.064661","83.02"
"1648164236.0647318","83.67"
"1648164236.064793","83.54"
"1648164236.064852","83.41"
"1648164236.0649102","83.54"
"1648164236.065011","84.06"
"1648164236.0650811","83.54"
"1648164236.065156","83.54"
"1648164236.065227","83.54"
"1648164236.065303","83.54"
"1648164236.065363","84.31"
"1648164236.065417","83.54"
"1648164236.06547","83.8"
"1648164236.065525","83.54"
"1648164236.065588","83.54"
"1648164236.0656488","83.54"
"1648164236.0657122","83.54"
"1648164236.0657752","83.93"
"1648164236.0658371","83.41"
"1648164236.065918","83.41"
"1648164236.066005","83.67"
"1648164236.066072","83.67"
"1648164236.066135","83.41"
"1648164236.0661938","83.54"
"1648164236.066306","83.67"
"1648164236.066398","83.67"
"1648164236.066478","83.54"
"1648164236.066553","83.54"
"1648164236.066612","83.54"
"1648164236.066672","83.54"
"1648164236.066735","83.54"
"1648164236.066798","83.67"
"1648164236.066859","83.54"
"1648164236.0669172","83.41"
"1648164236.0669749","83.54"
"1648164236.067032","83.41"
"1648164236.0670872","83.54"
"1648164236.06714","83.67"
"1648164236.0671942","83.54"
"1648164236.0672529","83.67"
"1648164236.0673149","83.41"
"1648164236.0673761","83.67"
"1648164236.0674508","83.67"
"1648164236.0675259","83.54"
"1648164236.0676422","83.54"
"1648164236.067708","83.54"
"1648164236.067777","84.57"
"1648164236.067861","83.41"
"1648164236.0679412","83.8"
"1648164236.0680199","83.54"
"1648164236.0681012","83.67"
"1648164236.068181","83.41"
"1648164236.0682602","83.67"
"1648164236.06834","83.8"
"1648164236.068418","83.54"
"1648164236.0685","83.54"
"1648164236.068584","83.54"
"1648164236.0686898","83.41"
"1648164236.068795","83.67"
"1648164236.068882","83.54"
"1648164236.068963","83.54"
"1648164236.069031","83.41"
"1648164236.0691042","83.67"
"1648164236.069162","83.54"
"1648164236.069223","83.41"
"1648164236.0692859","83.67"
"1648164236.069346","83.67"
"1648164236.069407","83.41"
"1648164236.0694668","83.54"
"1648164236.0695271","83.41"
"1648164236.0695832","83.54"
"1648164236.069658","83.41"
"1648164236.0697129","83.54"
"1648164236.069768","83.67"
"1648164236.069834","83.41"
"1648164236.0699341","83.8"
"1648164236.0700202","83.54"
"1648164236.070106","83.15"
"1648164236.070177","83.41"
"1648164236.070247","83.67"
"1648164236.070305","83.41"
"1648164236.0703712","83.54"
"1648164236.0704288","83.67"
"1648164236.070487","83.54"
"1648164236.070546","83.54"
"1648164236.070608","83.67"
"1648164236.070671","81.35"
"1648164236.070734","83.54"
"1648164236.070796","83.28"
"1648164236.070858","83.67"
"1648164236.0709162","83.54"
"1648164236.070982","83.67"
"1648164236.0710871","83.41"
"1648164236.0711732","83.41"
"1648164236.071258","83.41"
"1648164236.071332","83.67"
"1648164236.07139","83.54"
"1648164236.0714612","83.54"
"1648164236.0715258","83.67"
"1648164236.0715861","83.8"
"1648164236.071645","83.54"
"1648164236.0717041","83.54"
"1648164236.07176","83.54"
"1648164236.0718222","83.67"
"1648164236.071887","83.67"
"1648164236.071949","83.54"
"1648164236.07201","83.54"
"1648164236.072073","83.54"
"1648164236.072133","83.54"
"1648164236.072192","83.54"
"1648164236.072296","83.54"
"1648164236.072382","83.28"
"1648164236.072457","83.54"
"1648164236.072532","83.15"
"1648164236.07259","83.54"
"1648164236.07265","83.67"
"1648164236.07273","81.35"
"1648164236.072795","83.28"
"1648164236.07286","83.41"
"1648164236.072921","83.28"
"1648164236.0730329","83.28"
"1648164236.073098","83.41"
"1648164236.073159","83.41"
"1648164236.073222","83.54"
"1648164236.073285","82.77"
"1648164236.0733461","84.31"
"1648164236.073406","83.8"
"1648164236.073497","83.93"
"1648164236.073581","83.41"
"1648164236.073656","82.38"
"1648164236.07373","83.93"
"1648164236.0737898","83.93"
"1648164236.0738509","82.64"
"1648164236.0739121","83.15"
"1648164236.073979","84.57"
"1648164236.07405","83.54"
"1648164236.0741172","83.93"
"1648164236.074175","82.77"
"1648164236.074233","84.96"
"1648164236.074292","83.02"
"1648164236.074353","83.28"
"1648164236.074412","81.99"
"1648164236.074475","82.77"
"1648164236.074539","84.96"
"1648164236.0746791","83.8"
"1648164236.0748138","83.15"
"1648164236.0749052","82.38"
"1648164236.074986","82.77"
"1648164236.0750668","84.31"
"1648164236.075147","84.44"
"1648164236.075228","83.28"
"1648164236.0753322","83.15"
"1648164236.075412","83.67"
"1648164236.0754912","83.02"
"1648164236.075558","83.8"
"1648164236.075616","82.89"
"1648164236.075677","83.54"
"1648164236.075774","83.8"
"1648164236.0758479","83.54"
"1648164236.0759401","83.67"
"1648164236.076013","83.54"
"1648164236.076077","83.67"
"1648164236.0761359","83.41"
"1648164236.076194","83.41"
"1648164236.076253","83.54"
"1648164236.076308","83.41"
"1648164236.076363","83.54"
"1648164236.076425","83.54"
"1648164236.0764859","83.15"
"1648164236.076543","83.41"
"1648164236.0766022","83.41"
"1648164236.076684","83.54"
"1648164236.076749","83.67"
"1648164236.076813","83.8"
"1648164236.07687","83.67"
"1648164236.076928","83.8"
"1648164236.077031","83.41"
"1648164236.07712","83.54"
"1648164236.077201","83.54"
"1648164236.0772722","83.8"
"1648164236.077332","83.28"
"1648164236.077394","83.54"
"1648164236.0774531","83.67"
"1648164236.0775151","83.8"
"1648164236.0775738","83.67"
"1648164236.077636","83.41"
"1648164236.077693","83.93"
"1648164236.077751","83.02"
"1648164236.0778098","83.54"
"1648164236.077885","83.67"
"1648164236.077955","83.15"
"1648164236.0780191","83.8"
"1648164236.0780811","83.67"
"1648164236.07814","83.54"
"1648164236.078194","83.8"
"1648164236.0782468","82.77"
"1648164236.0783029","83.28"
"1648164236.078377","83.54"
"1648164236.078458","83.54"
"1648164236.078526","83.54"
"1648164236.0786","83.15"
"1648164236.078662","83.28"
"1648164236.078723","83.41"
"1648164236.078781","83.41"
"1648164236.07884","83.67"
"1648164236.078899","83.67"
"1648164236.078961","83.54"
"1648164236.0790179","83.54"
"1648164236.079099","83.54"
"1648164236.0791638","83.54"
"1648164236.079228","83.28"
"1648164236.079287","83.67"
"1648164236.079349","83.41"
"1648164236.079413","83.67"
"1648164236.0794759","83.54"
"1648164236.079577","83.28"
"1648164236.079651","83.28"
"1648164236.07971","83.54"
"1648164236.079784","83.54"
"1648164236.079846","83.54"
"1648164236.079906","83.41"
"1648164236.079963","83.67"
"1648164236.080022","83.54"
"1648164236.080079","83.41"
"1648164236.080138","83.15"
"1648164236.0801961","83.54"
"1648164236.0802681","82.25"
"1648164236.0803251","83.41"
"1648164236.080387","83.67"
"1648164236.0804448","83.54"
"1648164236.080502","83.41"
"1648164236.080561","83.54"
"1648164236.080619","83.54"
"1648164236.080677","83.67"
"1648164236.080776","83.41"
"1648164236.080865","83.54"
"1648164236.0809238","83.54"
"1648164236.080996","83.67"
"1648164236.081057","83.41"
"1648164236.081117","83.28"
"1648164236.0811782","83.8"
"1648164236.081237","83.67"
"1648164236.0812988","83.67"
"1648164236.081362","83.15"
"1648164236.081423","83.54"
"1648164236.081502","83.8"
"1648164236.081567","83.41"
"1648164236.081631","83.15"
"1648164236.0816882","83.67"
"1648164236.081747","83.67"
"1648164236.081804","83.8"
"1648164236.0818748","82.89"
"1648164236.081963","83.54"
"1648164236.0820422","83.41"
"1648164236.0821152","83.54"
"1648164236.082174","83.8"
"1648164236.0822341","83.54"
"1648164236.082293","82.89"
"1648164236.0823512","83.67"
"1648164236.082409","83.41"
"1648164236.082467","83.28"
"1648164236.082527","83.67"
"1648164236.0825899","83.67"
"1648164236.082657","83.54"
"1648164236.082714","83.41"
"1648164236.082776","83.41"
"1648164236.082835","83.8"
"1648164236.082922","83.54"
"1648164236.083004","83.41"
"1648164236.083097","83.54"
"1648164236.083203","83.28"
"1648164236.0832992","83.54"
"1648164236.083371","82.89"
"1648164236.083436","83.54"
"1648164236.083499","83.54"
"1648164236.08356","83.54"
"1648164236.083623","83.67"
"1648164236.083683","83.41"
"1648164236.083741","83.41"
"1648164236.0837991","83.41"
"1648164236.0838568","83.41"
"1648164236.083916","83.93"
"1648164236.0839958","83.41"
"1648164236.08406","83.28"
"1648164236.0841238","83.54"
"1648164236.084186","84.57"
"1648164236.08428","83.67"
"1648164236.0843909","83.41"
"1648164236.08448","83.54"
"1648164236.084555","83.54"
"1648164236.084639","83.54"
"1648164236.0847192","83.54"
"1648164236.084799","83.54"
"1648164236.0848598","83.54"
"1648164236.0849202","83.54"
"1648164236.0849779","83.67"
"1648164236.085037","83.67"
"1648164236.085097","83.54"
"1648164236.0851562","83.15"
"1648164236.085216","83.41"
"1648164236.085284","83.54"
"1648164236.085341","83.54"
"1648164236.085404","83.41"
"1648164236.0854778","83.54"
"1648164236.0855942","83.54"
"1648164236.085668","83.8"
"1648164236.085737","83.54"
"1648164236.085796","83.54"
"1648164236.085856","83.54"
"1648164236.085919","83.41"
"1648164236.085978","83.54"
"1648164236.086041","82.12"
"1648164236.0860999","83.67"
"1648164236.086157","83.41"
"1648164236.086216","83.54"
"1648164236.086279","84.06"
"1648164236.0863419","83.8"
"1648164236.0864","83.54"
"1648164236.086467","83.41"
"1648164236.086525","83.67"
"1648164236.08659","83.67"
"1648164236.086663","83.41"
"1648164236.086763","83.54"
"1648164236.086834","83.67"
"1648164236.086911","83.54"
"1648164236.0869749","83.15"
"1648164236.087033","83.41"
"1648164236.087092","82.77"
"1648164236.0871491","83.54"
"1648164236.087204","83.28"
"1648164236.0872588","83.41"
"1648164236.087318","83.67"
"1648164236.087381","83.41"
"1648164236.087445","83.41"
"1648164236.087504","83.54"
"1648164236.087562","83.8"
"1648164236.08762","83.54"
"1648164236.087687","83.54"
"1648164236.087744","83.67"
"1648164236.087847","83.54"
"1648164236.0879428","83.54"
"1648164236.0880132","83.8"
"1648164236.088083","83.54"
"1648164236.0881422","83.54"
"1648164236.0882099","83.8"
"1648164236.088275","83.28"
"1648164236.08834","83.41"
"1648164236.088403","83.67"
"1648164236.0884638","83.54"
"1648164236.08852","83.67"
"1648164236.088581","83.54"
"1648164236.088643","83.54"
"1648164236.088705","83.67"
"1648164236.088764","83.41"
"1648164236.088823","83.67"
"1648164236.0889149","83.93"
"1648164236.08901","83.54"
"1648164236.089088","83.67"
"1648164236.0891619","83.67"
"1648164236.08922","83.54"
"1648164236.08928","83.54"
"1648164236.089338","81.86"
"1648164236.089396","83.54"
"1648164236.089456","83.41"
"1648164236.089518","83.67"
"1648164236.0895748","83.93"
"1648164236.089638","83.54"
"1648164236.089694","83.54"
"1648164236.089749","83.28"
"1648164236.0898108","83.67"
"1648164236.089872","83.54"
"1648164236.089951","83.41"
"1648164236.0900428","83.54"
"1648164236.0901299","83.28"
"1648164236.090224","83.67"
"1648164236.090292","83.67"
"1648164236.090366","85.35"
"1648164236.09043","83.54"
"1648164236.090493","83.02"
"1648164236.090553","83.54"
"1648164236.090612","83.67"
"1648164236.090671","83.41"
"1648164236.090733","83.54"
"1648164236.0907872","83.41"
"1648164236.090841","83.15"
"1648164236.090896","83.02"
"1648164236.090959","83.41"
"1648164236.091021","83.54"
"1648164236.091083","83.54"
"1648164236.091145","83.41"
"1648164236.0912042","83.41"
"1648164236.0913339","83.67"
"1648164236.0914612","83.67"
"1648164236.0915468","83.54"
"1648164236.0916312","83.41"
"1648164236.091711","83.8"
"1648164236.0917928","83.41"
"1648164236.091886","84.06"
"1648164236.0919712","83.28"
"1648164236.092056","83.54"
"1648164236.092124","83.41"
"1648164236.092203","83.54"
"1648164236.092265","83.41"
"1648164236.092326","83.54"
"1648164236.092438","83.41"
"1648164236.09253","83.54"
"1648164236.092624","83.67"
"1648164236.0926988","83.67"
"1648164236.092792","83.41"
"1648164236.0928519","83.41"
"1648164236.092916","83.8"
"1648164236.0929952","83.67"
"1648164236.093055","83.8"
"1648164236.093121","83.67"
"1648164236.093179","85.6"
"1648164236.093241","83.54"
"1648164236.0933042","83.02"
"1648164236.093367","83.41"
"1648164236.09343","83.67"
"1648164236.0934882","83.41"
"1648164236.0935528","83.54"
"1648164236.093652","82.25"
"1648164236.093741","84.31"
"1648164236.093823","83.41"
"1648164236.093894","83.93"
"1648164236.093955","83.41"
"1648164236.094014","83.93"
"1648164236.094073","83.67"
"1648164236.094135","83.28"
"1648164236.0942059","83.28"
"1648164236.0942621","82.89"
"1648164236.094325","83.8"
"1648164236.0943842","83.8"
"1648164236.0944471","83.41"
"1648164236.094505","83.54"
"1648164236.094563","83.54"
"1648164236.0946271","82.64"
"1648164236.0947042","83.28"
"1648164236.094781","83.8"
"1648164236.094912","83.41"
"1648164236.094999","84.44"
"1648164236.095065","83.28"
"1648164236.095158","83.8"
"1648164236.0952451","82.64"
"1648164236.095326","83.54"
"1648164236.0954082","82.12"
"1648164236.095489","82.89"
"1648164236.095569","84.83"
"1648164236.095735","82.64"
"1648164236.095815","84.06"
"1648164236.0958989","84.18"
"1648164236.095979","82.25"
"1648164236.0960698","83.93"
"1648164236.096184","82.38"
"1648164236.096271","83.8"
"1648164236.096353","83.93"
"1648164236.0964322","83.93"
"1648164236.096514","84.57"
"1648164236.096593","82.89"
"1648164236.096672","83.02"
"1648164236.0967522","83.93"
"1648164236.096833","84.31"
"1648164236.0969238","83.8"
"1648164236.0970051","84.83"
"1648164236.097086","83.15"
"1648164236.0971699","83.41"
"1648164236.0972538","84.18"
"1648164236.097399","84.18"
"1648164236.097492","83.67"
"1648164236.097606","84.06"
"1648164236.097692","83.28"
"1648164236.0977988","84.96"
"1648164236.097884","84.31"
"1648164236.0979881","83.02"
"1648164236.0980742","82.89"
"1648164236.09821","82.77"
"1648164236.098305","82.38"
"1648164236.098387","84.83"
"1648164236.098492","83.67"
"1648164236.098569","83.54"
"1648164236.0986292","83.41"
"1648164236.098689","83.41"
"1648164236.0987678","82.51"
"1648164236.098828","84.83"
"1648164236.0988889","84.96"
"1648164236.098969","83.15"
"1648164236.099034","83.15"
"1648164236.0990982","84.18"
"1648164236.099157","82.89"
"1648164236.099221","83.02"
"1648164236.0992808","82.89"
"1648164236.099346","83.8"
"1648164236.099406","84.44"
"1648164236.099471","83.54"
"1648164236.099533","84.83"
"1648164236.099596","84.31"
"1648164236.099658","82.77"
"1648164236.099755","82.12"
"1648164236.099835","83.54"
"1648164236.099894","84.44"
"1648164236.09995","84.57"
"1648164236.100024","84.06"
"1648164236.100085","84.31"
"1648164236.100153","84.06"
"1648164236.10021","83.8"
"1648164236.100275","83.28"
"1648164236.100339","83.8"
"1648164236.100401","83.54"
"1648164236.1004748","83.67"
"1648164236.100557","83.67"
"1648164236.100637","83.8"
"1648164236.100715","83.41"
"1648164236.100794","82.77"
"1648164236.100877","83.41"
"1648164236.100981","83.54"
"1648164236.10109","83.41"
"1648164236.101173","83.93"
"1648164236.10128","83.67"
"1648164236.1014102","83.54"
"1648164236.101512","83.54"
"1648164236.101612","83.41"
"1648164236.101714","83.41"
"1648164236.101801","83.67"
"1648164236.101909","83.54"
"1648164236.102043","83.67"
"1648164236.102175","83.67"
"1648164236.102274","83.02"
"1648164236.102357","83.54"
"1648164236.102444","83.8"
"1648164236.102518","83.54"
"1648164236.102578","83.67"
"1648164236.102638","83.54"
"1648164236.102696","83.54"
"1648164236.1027572","83.54"
"1648164236.102819","83.41"
"1648164236.1028779","83.54"
"1648164236.1029398","83.41"
"1648164236.102999","83.41"
"1648164236.103061","83.41"
"1648164236.103123","83.54"
"1648164236.103203","83.54"
"1648164236.103267","83.67"
"1648164236.103331","83.67"
"1648164236.103434","83.93"
"1648164236.103507","83.41"
"1648164236.10358","83.28"
"1648164236.103656","83.54"
"1648164236.1037161","83.8"
"1648164236.103776","83.54"
"1648164236.103838","83.41"
"1648164236.103901","83.41"
"1648164236.103963","83.93"
"1648164236.1040242","83.41"
"1648164236.104083","83.54"
"1648164236.104137","83.54"
"1648164236.104196","85.09"
"1648164236.104257","84.31"
"1648164236.10432","85.09"
"1648164236.104388","83.41"
"1648164236.1044512","83.54"
"1648164236.1045089","83.15"
"1648164236.104563","83.41"
"1648164236.104616","83.41"
"1648164236.1046689","83.02"
"1648164236.1047292","83.54"
"1648164236.104827","83.41"
"1648164236.104918","83.41"
"1648164236.104995","83.54"
"1648164236.1050692","83.67"
"1648164236.10513","83.54"
"1648164236.105193","83.54"
"1648164236.1052558","83.15"
"1648164236.105311","83.02"
"1648164236.105369","83.41"
"1648164236.10549","83.93"
"1648164236.105558","83.54"
"1648164236.105619","83.67"
"1648164236.105685","85.47"
"1648164236.105742","82.12"
"1648164236.105806","83.67"
"1648164236.105867","83.28"
"1648164236.1059358","83.41"
"1648164236.1060412","83.67"
"1648164236.106126","83.54"
"1648164236.1061969","83.54"
"1648164236.1062698","83.54"
"1648164236.1063292","83.8"
"1648164236.106387","83.15"
"1648164236.106442","83.15"
"1648164236.106508","83.54"
"1648164236.106571","83.93"
"1648164236.106635","83.93"
"1648164236.106693","83.41"
"1648164236.1067479","83.67"
"1648164236.106803","83.54"
"1648164236.106875","83.41"
"1648164236.1069381","82.51"
"1648164236.106996","83.54"
"1648164236.107054","82.12"
"1648164236.107112","83.28"
"1648164236.107185","83.54"
"1648164236.1072729","83.41"
"1648164236.10735","83.54"
"1648164236.107424","83.54"
"1648164236.1074848","83.41"
"1648164236.1075451","83.41"
"1648164236.107606","82.77"
"1648164236.107703","83.67"
"1648164236.107774","83.8"
"1648164236.10783","83.28"
"1648164236.107886","84.06"
"1648164236.107977","83.67"
"1648164236.108059","83.54"
"1648164236.108146","84.96"
"1648164236.108226","83.54"
"1648164236.108293","83.54"
"1648164236.108368","83.54"
"1648164236.108466","83.93"
"1648164236.108587","83.54"
"1648164236.108682","84.06"
"1648164236.1087658","83.28"
"1648164236.1088471","84.06"
"1648164236.108927","83.54"
"1648164236.1090062","83.15"
"1648164236.109094","83.41"
"1648164236.109174","83.28"
"1648164236.1092339","83.67"
"1648164236.1092942","83.28"
"1648164236.109353","83.67"
"1648164236.1094131","83.67"
"1648164236.109474","84.18"
"1648164236.109534","83.93"
"1648164236.109631","83.54"
"1648164236.109726","83.15"
"1648164236.109814","83.8"
"1648164236.1098938","83.15"
"1648164236.109968","83.67"
"1648164236.110028","83.67"
"1648164236.1100879","83.8"
"1648164236.110147","83.54"
"1648164236.110208","83.67"
"1648164236.110265","83.02"
"1648164236.110323","83.41"
"1648164236.1103811","83.67"
"1648164236.110442","83.67"
"1648164236.110503","83.28"
"1648164236.11056","83.67"
"1648164236.110618","83.28"
"1648164236.110677","83.93"
"1648164236.1107352","83.54"
"1648164236.110817","83.02"
"1648164236.110902","83.54"
"1648164236.110991","83.54"
"1648164236.111058","83.28"
"1648164236.111132","83.93"
"1648164236.1111932","83.41"
"1648164236.1112478","83.54"
"1648164236.1113129","83.41"
"1648164236.1113758","83.54"
"1648164236.111439","83.8"
"1648164236.111495","83.54"
"1648164236.1115499","83.41"
"1648164236.1116102","83.15"
"1648164236.111669","83.54"
"1648164236.1117282","83.28"
"1648164236.111785","83.54"
"1648164236.111844","83.67"
"1648164236.111904","83.67"
"1648164236.1119628","83.54"
"1648164236.112077","83.28"
"1648164236.1121652","83.67"
"1648164236.1122391","83.67"
"1648164236.112313","83.54"
"1648164236.112376","83.54"
"1648164236.112437","84.06"
"1648164236.1124978","83.28"
"1648164236.112577","83.54"
"1648164236.112659","83.54"
"1648164236.112728","83.54"
"1648164236.1127849","83.67"
"1648164236.112845","83.67"
"1648164236.112907","83.41"
"1648164236.1129642","83.41"
"1648164236.1130219","83.15"
"1648164236.113081","83.54"
"1648164236.1131809","83.54"
"1648164236.113272","83.54"
"1648164236.113375","83.54"
"1648164236.11344","83.54"
"1648164236.1135092","83.15"
"1648164236.113568","83.15"
"1648164236.113627","83.54"
"1648164236.1136892","83.41"
"1648164236.113751","83.54"
"1648164236.113813","83.41"
"1648164236.113875","83.54"
"1648164236.11394","83.41"
"1648164236.1140149","83.54"
"1648164236.114094","83.54"
"1648164236.114162","83.8"
"1648164236.114221","83.67"
"1648164236.114316","83.54"
"1648164236.1144052","83.54"
"1648164236.114484","81.73"
"1648164236.114555","83.67"
"1648164236.114615","83.67"
"1648164236.1146932","83.28"
"1648164236.114757","83.67"
"1648164236.1148229","83.67"
"1648164236.1148832","83.28"
"1648164236.114945","83.15"
"1648164236.115007","83.8"
"1648164236.1150699","83.93"
"1648164236.115128","83.67"
"1648164236.115189","83.54"
"1648164236.115246","83.54"
"1648164236.115308","83.93"
"1648164236.1153688","83.67"
"1648164236.115426","83.54"
"1648164236.1154811","81.73"
"1648164236.115535","83.67"
"1648164236.115595","83.67"
"1648164236.115666","83.41"
"1648164236.1157482","83.41"
"1648164236.11585","83.67"
"1648164236.115909","83.67"
"1648164236.115977","83.41"
"1648164236.116041","83.54"
"1648164236.116104","83.54"
"1648164236.116162","83.28"
"1648164236.116235","83.54"
"1648164236.116315","83.93"
"1648164236.116396","83.54"
"1648164236.116469","83.41"
"1648164236.116535","83.02"
"1648164236.1166039","81.86"
"1648164236.116666","83.41"
"1648164236.116729","83.54"
"1648164236.116792","83.54"
"1648164236.116854","83.41"
"1648164236.116915","83.41"
"1648164236.116978","83.54"
"1648164236.117078","83.54"
"1648164236.117173","83.67"
"1648164236.1172411","83.54"
"1648164236.117314","83.8"
"1648164236.1173718","83.54"
"1648164236.117431","83.54"
"1648164236.117492","83.54"
"1648164236.1175501","83.28"
"1648164236.1176069","83.41"
"1648164236.117661","83.54"
"1648164236.117717","83.41"
"1648164236.1177769","83.67"
"1648164236.1178508","83.41"
"1648164236.117934","83.67"
"1648164236.118015","84.18"
"1648164236.118094","83.67"
"1648164236.118176","83.41"
"1648164236.118242","83.67"
"1648164236.118319","83.67"
"1648164236.118415","83.54"
"1648164236.1185112","83.67"
"1648164236.118592","82.89"
"1648164236.118666","83.54"
"1648164236.1187289","83.28"
"1648164236.1187918","83.15"
"1648164236.118855","83.41"
"1648164236.118918","83.54"
"1648164236.118979","83.54"
"1648164236.119037","83.54"
"1648164236.119099","83.54"
"1648164236.119156","84.44"
"1648164236.119215","83.28"
"1648164236.119276","83.28"
"1648164236.1193311","83.28"
"1648164236.119392","83.54"
"1648164236.119446","83.41"
"1648164236.119506","83.41"
"1648164236.11961","83.8"
"1648164236.1197052","83.41"
"1648164236.119783","83.54"
"1648164236.119852","83.54"
"1648164236.119912","83.67"
"1648164236.119972","83.8"
"1648164236.12003","83.54"
"1648164236.120089","83.54"
"1648164236.12015","83.41"
"1648164236.1202052","83.8"
"1648164236.120259","83.54"
"1648164236.1203132","83.8"
"1648164236.120367","83.54"
"1648164236.12042","83.41"
"1648164236.1204748","83.8"
"1648164236.120536","83.67"
"1648164236.120597","83.67"
"1648164236.120661","83.54"
"1648164236.120735","83.54"
"1648164236.120818","83.54"
"1648164236.1209018","83.41"
"1648164236.120976","83.41"
"1648164236.121035","83.41"
"1648164236.121094","83.41"
"1648164236.121152","83.41"
"1648164236.1212108","83.54"
"1648164236.121268","83.67"
"1648164236.121328","83.54"
"1648164236.12139","84.57"
"1648164236.121451","83.54"
"1648164236.1215081","83.41"
"1648164236.121568","83.54"
"1648164236.1216261","83.54"
"1648164236.121685","83.54"
"1648164236.1217432","83.8"
"1648164236.121802","83.54"
"1648164236.121871","83.02"
"1648164236.1219819","83.54"
"1648164236.122067","83.41"
"1648164236.122139","83.54"
"1648164236.122198","83.54"
"1648164236.122257","83.41"
"1648164236.1223161","83.54"
"1648164236.1223738","83.67"
"1648164236.1224298","83.8"
"1648164236.122488","83.41"
"1648164236.122544","83.54"
"1648164236.122606","83.41"
"1648164236.122664","83.8"
"1648164236.1227221","84.18"
"1648164236.122781","83.54"
"1648164236.1228402","84.44"
"1648164236.1228979","83.8"
"1648164236.123008","83.54"
"1648164236.12309","83.67"
"1648164236.12315","83.8"
"1648164236.1232388","83.54"
"1648164236.123306","83.67"
"1648164236.123369","82.89"
"1648164236.1234298","83.67"
"1648164236.123492","83.67"
"1648164236.1235552","83.41"
"1648164236.123616","83.54"
"1648164236.1236749","83.54"
"1648164236.123737","83.41"
"1648164236.1237938","83.67"
"1648164236.123852","83.41"
"1648164236.1239119","83.54"
"1648164236.123971","83.54"
"1648164236.1240342","83.41"
"1648164236.124091","83.41"
"1648164236.1241531","83.67"
"1648164236.124214","83.41"
"1648164236.1242812","83.41"
"1648164236.124386","83.67"
"1648164236.124455","83.54"
"1648164236.1245282","83.54"
"1648164236.124585","83.28"
"1648164236.12466","83.41"
"1648164236.124723","83.54"
"1648164236.124801","83.54"
"1648164236.124886","82.89"
"1648164236.12497","83.8"
"1648164236.12505","83.41"
"1648164236.125129","83.54"
"1648164236.1252081","83.41"
"1648164236.1252859","83.28"
"1648164236.125368","83.54"
"1648164236.125443","83.67"
"1648164236.1255538","83.41"
"1648164236.125644","83.41"
"1648164236.125727","83.67"
"1648164236.125804","83.67"
"1648164236.1258729","83.28"
"1648164236.12593","83.54"
"1648164236.125996","83.54"
"1648164236.1260538","83.54"
"1648164236.1261141","83.54"
"1648164236.1261718","83.54"
"1648164236.1262348","83.41"
"1648164236.126293","83.54"
"1648164236.1263518","83.54"
"1648164236.126411","83.54"
"1648164236.126473","83.54"
"1648164236.1265311","83.54"
"1648164236.126591","81.48"
"1648164236.1266701","83.54"
"1648164236.126768","83.67"
"1648164236.126844","83.41"
"1648164236.126911","83.54"
"1648164236.126986","83.67"
"1648164236.127056","83.93"
"1648164236.127121","83.54"
"1648164236.127182","83.8"
"1648164236.1272378","83.67"
"1648164236.127297","83.41"
"1648164236.127359","83.8"
"1648164236.12742","83.15"
"1648164236.127479","83.54"
"1648164236.127542","83.54"
"1648164236.127605","83.54"
"1648164236.127667","83.28"
"1648164236.127726","83.67"
"1648164236.127784","83.54"
"1648164236.127838","83.41"
"1648164236.127893","83.54"
"1648164236.12799","83.67"
"1648164236.1280682","83.54"
"1648164236.128125","83.93"
"1648164236.1281931","83.54"
"1648164236.128279","83.41"
"1648164236.128339","83.67"
"1648164236.128402","83.41"
"1648164236.128464","83.41"
"1648164236.128522","83.54"
"1648164236.128581","83.54"
"1648164236.12864","83.41"
"1648164236.128698","83.67"
"1648164236.128754","83.54"
"1648164236.128814","83.67"
"1648164236.128875","83.67"
"1648164236.128934","83.41"
"1648164236.128992","83.54"
"1648164236.129051","83.67"
"1648164236.129111","82.12"
"1648164236.129169","83.54"
"1648164236.1292229","83.67"
"1648164236.129281","83.54"
"1648164236.129389","83.67"
"1648164236.129469","83.41"
"1648164236.129528","83.54"
"1648164236.1296031","83.67"
"1648164236.129664","83.54"
"1648164236.1297228","83.67"
"1648164236.129781","83.41"
"1648164236.129846","83.54"
"1648164236.129907","83.67"
"1648164236.129962","83.54"
"1648164236.1300201","83.41"
"1648164236.130076","83.54"
"1648164236.1301298","83.54"
"1648164236.130185","83.54"
"1648164236.130243","83.67"
"1648164236.130304","83.54"
"1648164236.130362","83.41"
"1648164236.130427","83.67"
"1648164236.13068","83.54"
"1648164236.130759","83.41"
"1648164236.130833","83.15"
"1648164236.1308968","83.54"
"1648164236.130961","83.28"
"1648164236.1310232","83.15"
"1648164236.1310852","83.8"
"1648164236.131142","83.8"
"1648164236.131202","83.8"
"1648164236.131294","83.54"
"1648164236.131379","83.41"
"1648164236.131464","83.67"
"1648164236.131545","83.54"
"1648164236.131613","83.67"
"1648164236.1317508","83.54"
"1648164236.131841","83.67"
"1648164236.1319098","83.41"
"1648164236.1319869","83.54"
"1648164236.1320698","83.67"
"1648164236.132159","83.41"
"1648164236.132241","83.54"
"1648164236.132324","83.93"
"1648164236.132402","83.02"
"1648164236.132483","83.41"
"1648164236.1325629","83.67"
"1648164236.1326451","83.54"
"1648164236.132726","83.41"
"1648164236.132807","83.8"
"1648164236.132907","83.54"
"1648164236.133054","83.54"
"1648164236.133164","83.54"
"1648164236.133255","83.41"
"1648164236.133367","83.41"
"1648164236.133454","83.41"
"1648164236.1335628","83.02"
"1648164236.133648","83.67"
"1648164236.133755","83.41"
"1648164236.133842","83.41"
"1648164236.1339269","83.28"
"1648164236.1340091","83.67"
"1648164236.134091","83.54"
"1648164236.1341708","84.06"
"1648164236.134337","83.8"
"1648164236.1344461","83.67"
"1648164236.134537","84.18"
"1648164236.134646","83.41"
"1648164236.1347342","83.02"
"1648164236.1348438","83.67"
"1648164236.13493","83.54"
"1648164236.135038","83.54"
"1648164236.135123","84.31"
"1648164236.1352289","83.41"
"1648164236.135314","83.54"
"1648164236.135395","83.28"
"1648164236.135485","83.41"
"1648164236.135591","83.67"
"1648164236.1356921","83.54"
"1648164236.13578","83.67"
"1648164236.135851","83.54"
"1648164236.135913","83.67"
"1648164236.1359732","83.93"
"1648164236.136037","83.41"
"1648164236.136101","83.54"
"1648164236.136162","83.54"
"1648164236.1362188","83.93"
"1648164236.136279","83.54"
"1648164236.136343","83.54"
"1648164236.1364028","83.41"
"1648164236.1364639","83.54"
"1648164236.13652","84.06"
"1648164236.1365829","84.18"
"1648164236.1366458","83.41"
"1648164236.136735","83.54"
"1648164236.136816","83.54"
"1648164236.1369112","83.54"
"1648164236.13698","83.54"
"1648164236.137053","83.54"
"1648164236.137113","83.8"
"1648164236.137176","83.41"
"1648164236.1372402","83.54"
"1648164236.137302","83.67"
"1648164236.1373608","83.54"
"1648164236.1374238","83.54"
"1648164236.1374831","83.54"
"1648164236.1375449","83.41"
"1648164236.137604","83.41"
"1648164236.137663","83.67"
"1648164236.137718","83.41"
"1648164236.137773","83.54"
"1648164236.137832","83.8"
"1648164236.1378949","83.41"
"1648164236.1379578","83.54"
"1648164236.1380422","83.8"
"1648164236.1382022","83.54"
"1648164236.138297","83.54"
"1648164236.138371","83.54"
"1648164236.138436","83.28"
"1648164236.138496","83.54"
"1648164236.1385548","83.54"
"1648164236.138619","83.54"
"1648164236.1386812","83.41"
"1648164236.138741","83.54"
"1648164236.1388001","83.54"
"1648164236.138864","83.8"
"1648164236.138925","83.15"
"1648164236.138981","83.41"
"1648164236.1390452","83.15"
"1648164236.139107","83.54"
"1648164236.1391659","83.41"
"1648164236.139225","83.41"
"1648164236.139285","83.67"
"1648164236.1393678","83.54"
"1648164236.139445","83.93"
"1648164236.139542","83.54"
"1648164236.139599","83.41"
"1648164236.139654","83.54"
"1648164236.1397078","83.54"
"1648164236.1397629","83.93"
"1648164236.13983","83.8"
"1648164236.139891","83.54"
"1648164236.139951","83.41"
"1648164236.140011","81.61"
"1648164236.140078","83.41"
"1648164236.140141","83.41"
"1648164236.140202","83.54"
"1648164236.140262","83.41"
"1648164236.140317","83.41"
"1648164236.14037","83.54"
"1648164236.140424","83.41"
"1648164236.140501","83.67"
"1648164236.140577","83.41"
"1648164236.140664","83.54"
"1648164236.140736","83.41"
"1648164236.140811","83.54"
"1648164236.1408708","83.67"
"1648164236.14093","83.54"
"1648164236.14099","83.41"
"1648164236.141048","83.54"
"1648164236.141108","83.67"
"1648164236.1411672","82.64"
"1648164236.141226","83.8"
"1648164236.1412852","83.28"
"1648164236.141363","83.67"
"1648164236.14145","86.25"
"1648164236.141536","83.93"
"1648164236.141618","83.67"
"1648164236.1416981","83.67"
"1648164236.141779","83.41"
"1648164236.141869","84.44"
"1648164236.141977","82.77"
"1648164236.142091","83.28"
"1648164236.1421812","83.54"
"1648164236.142265","82.38"
"1648164236.142336","83.15"
"1648164236.1423979","83.28"
"1648164236.142459","83.54"
"1648164236.142518","83.15"
"1648164236.142582","82.89"
"1648164236.142642","82.77"
"1648164236.1427","83.02"
"1648164236.1427588","82.64"
"1648164236.142818","82.89"
"1648164236.14288","83.93"
"1648164236.142942","85.09"
"1648164236.143005","84.06"
"1648164236.143067","83.15"
"1648164236.143141","83.28"
"1648164236.143252","84.06"
"1648164236.143352","84.7"
"1648164236.14343","84.44"
"1648164236.1435","82.51"
"1648164236.143575","83.93"
"1648164236.143637","83.54"
"1648164236.1436968","82.38"
"1648164236.143759","83.93"
"1648164236.1438138","84.18"
"1648164236.143874","84.06"
"1648164236.143935","83.67"
"1648164236.143994","82.89"
"1648164236.1440551","82.77"
"1648164236.144119","86.12"
"1648164236.144184","84.83"
"1648164236.144246","82.89"
"1648164236.1443079","84.44"
"1648164236.144371","84.57"
"1648164236.1444669","83.54"
"1648164236.144555","82.64"
"1648164236.1446211","84.06"
"1648164236.144696","83.93"
"1648164236.144757","82.77"
"1648164236.1448178","83.93"
"1648164236.144876","84.18"
"1648164236.144935","83.54"
"1648164236.144993","80.7"
"1648164236.1450508","83.54"
"1648164236.145107","84.44"
"1648164236.145167","81.99"
"1648164236.145229","83.28"
"1648164236.145288","83.67"
"1648164236.145348","83.41"
"1648164236.14541","83.54"
"1648164236.145474","83.54"
"1648164236.145536","83.41"
"1648164236.145619","83.67"
"1648164236.145684","83.41"
"1648164236.145877","83.54"
"1648164236.145975","83.41"
"1648164236.146059","83.54"
"1648164236.1461408","83.93"
"1648164236.146219","83.54"
"1648164236.1462982","83.41"
"1648164236.146376","83.54"
"1648164236.146456","83.54"
"1648164236.146527","83.67"
"1648164236.1466","83.54"
"1648164236.146658","83.54"
"1648164236.146718","83.8"
"1648164236.1467788","83.67"
"1648164236.146837","83.67"
"1648164236.146933","82.77"
"1648164236.147022","83.54"
"1648164236.1471171","83.54"
"1648164236.147182","83.02"
"1648164236.147252","84.06"
"1648164236.1473122","83.54"
"1648164236.14737","83.15"
"1648164236.1474261","83.67"
"1648164236.147487","83.54"
"1648164236.147549","83.54"
"1648164236.147608","83.28"
"1648164236.147663","83.41"
"1648164236.147718","83.41"
"1648164236.1477718","83.54"
"1648164236.1478279","83.67"
"1648164236.147889","83.67"
"1648164236.147944","83.54"
"1648164236.147997","82.77"
"1648164236.148052","83.41"
"1648164236.148115","83.67"
"1648164236.148175","83.8"
"1648164236.148246","83.67"
"1648164236.148321","83.54"
"1648164236.1484","83.28"
"1648164236.1484742","83.67"
"1648164236.148549","83.54"
"1648164236.148609","83.93"
"1648164236.148672","83.67"
"1648164236.148727","83.67"
"1648164236.148781","83.28"
"1648164236.1488361","83.41"
"1648164236.1488981","83.28"
"1648164236.148961","83.8"
"1648164236.149023","83.67"
"1648164236.1490839","83.54"
"1648164236.149146","83.93"
"1648164236.149204","83.41"
"1648164236.1492631","83.8"
"1648164236.149327","83.54"
"1648164236.149411","83.93"
"1648164236.149496","83.41"
"1648164236.14958","83.28"
"1648164236.149638","83.28"
"1648164236.149715","83.15"
"1648164236.149774","83.54"
"1648164236.149834","83.54"
"1648164236.149889","83.67"
"1648164236.149948","83.54"
"1648164236.150012","83.54"
"1648164236.150075","83.41"
"1648164236.150132","83.8"
"1648164236.150191","83.54"
"1648164236.150253","83.67"
"1648164236.150311","83.67"
"1648164236.150369","83.15"
"1648164236.1504278","83.54"
"1648164236.15049","83.67"
"1648164236.150549","83.41"
"1648164236.150623","83.41"
"1648164236.150721","83.54"
"1648164236.150811","83.15"
"1648164236.1508942","83.8"
"1648164236.150974","83.67"
"1648164236.1510541","83.41"
"1648164236.1511328","83.67"
"1648164236.151212","83.8"
"1648164236.151294","83.41"
"1648164236.1513789","83.28"
"1648164236.151464","83.41"
"1648164236.1515782","83.41"
"1648164236.15166","83.8"
"1648164236.151718","84.06"
"1648164236.151793","83.67"
"1648164236.15186","83.67"
"1648164236.151959","83.8"
"1648164236.152056","84.18"
"1648164236.152143","83.41"
"1648164236.1522171","83.54"
"1648164236.152277","83.8"
"1648164236.152339","83.67"
"1648164236.152402","83.67"
"1648164236.152464","83.41"
"1648164236.1525261","83.54"
"1648164236.152586","83.41"
"1648164236.152647","83.15"
"1648164236.152707","83.54"
"1648164236.1527941","83.54"
"1648164236.15287","83.54"
"1648164236.1529658","83.28"
"1648164236.153064","83.41"
"1648164236.153142","83.54"
"1648164236.153353","82.64"
"1648164236.1534479","83.8"
"1648164236.153573","83.28"
"1648164236.153654","83.15"
"1648164236.153729","83.54"
"1648164236.1538079","83.41"
"1648164236.153884","83.28"
"1648164236.1539588","83.41"
"1648164236.154037","83.93"
"1648164236.154109","83.54"
"1648164236.154197","83.67"
"1648164236.154266","83.28"
"1648164236.154345","83.54"
"1648164236.1545558","83.54"
"1648164236.154633","83.54"
"1648164236.154711","83.41"
"1648164236.154798","83.54"
"1648164236.154867","83.54"
"1648164236.154934","83.28"
"1648164236.155","83.67"
"1648164236.155062","83.54"
"1648164236.155125","83.41"
"1648164236.155206","83.54"
"1648164236.155273","83.28"
"1648164236.1553369","83.54"
"1648164236.1554","83.54"
"1648164236.1554549","83.41"
"1648164236.155571","83.54"
"1648164236.155676","83.54"
"1648164236.15577","83.41"
"1648164236.155831","84.06"
"1648164236.1558862","83.93"
"1648164236.155942","83.54"
"1648164236.156016","83.54"
"1648164236.156079","83.41"
"1648164236.1561441","83.41"
"1648164236.156207","83.54"
"1648164236.15627","83.67"
"1648164236.1563299","83.54"
"1648164236.156394","83.54"
"1648164236.156472","83.67"
"1648164236.156536","83.41"
"1648164236.1566012","83.54"
"1648164236.156662","83.67"
"1648164236.156717","83.54"
"1648164236.156777","83.8"
"1648164236.156876","83.54"
"1648164236.156959","83.54"
"1648164236.15704","83.02"
"1648164236.157114","83.54"
"1648164236.157174","84.18"
"1648164236.157234","83.93"
"1648164236.157295","83.54"
"1648164236.157357","83.67"
"1648164236.157417","84.06"
"1648164236.1574779","83.41"
"1648164236.157533","84.31"
"1648164236.157587","82.38"
"1648164236.1576471","83.15"
"1648164236.15772","83.02"
"1648164236.157784","84.18"
"1648164236.157845","84.44"
"1648164236.1579049","83.8"
"1648164236.158009","83.41"
"1648164236.15819","82.25"
"1648164236.158279","83.15"
"1648164236.15836","83.8"
"1648164236.158441","83.67"
"1648164236.1585238","84.44"
"1648164236.158605","82.38"
"1648164236.158689","83.67"
"1648164236.1587572","84.18"
"1648164236.158838","84.44"
"1648164236.1588962","83.02"
"1648164236.1589592","81.99"
"1648164236.1590211","84.44"
"1648164236.159082","82.64"
"1648164236.1591601","84.06"
"1648164236.159235","83.54"
"1648164236.159301","83.67"
"1648164236.159359","82.51"
"1648164236.159424","84.96"
"1648164236.1595001","84.06"
"1648164236.1595578","82.89"
"1648164236.159619","84.31"
"1648164236.1596758","82.77"
"1648164236.1597362","84.44"
"1648164236.159795","84.44"
"1648164236.159859","82.89"
"1648164236.1599228","84.18"
"1648164236.1599848","82.12"
"1648164236.160047","84.18"
"1648164236.160108","82.25"
"1648164236.160169","83.41"
"1648164236.1602292","83.93"
"1648164236.16029","82.25"
"1648164236.160369","82.51"
"1648164236.160445","82.38"
"1648164236.160521","83.67"
"1648164236.160619","83.67"
"1648164236.1606798","84.83"
"1648164236.160753","83.41"
"1648164236.16083","83.54"
"1648164236.160894","83.54"
"1648164236.160953","83.54"
"1648164236.161013","83.54"
"1648164236.161072","83.67"
"1648164236.161133","83.54"
"1648164236.161195","83.28"
"1648164236.161259","83.54"
"1648164236.161321","83.02"
"1648164236.1613839","83.67"
"1648164236.1614451","83.15"
"1648164236.161505","83.41"
"1648164236.16159","83.41"
"1648164236.16169","83.54"
"1648164236.161767","83.15"
"1648164236.161839","83.41"
"1648164236.1619148","83.54"
"1648164236.161973","83.41"
"1648164236.162035","83.28"
"1648164236.162097","83.54"
"1648164236.162158","83.54"
"1648164236.162234","81.86"
"1648164236.16232","83.54"
"1648164236.162391","83.41"
"1648164236.1624541","83.54"
"1648164236.162514","83.02"
"1648164236.162576","83.67"
"1648164236.1626391","83.15"
"1648164236.162699","83.15"
"1648164236.162763","83.41"
"1648164236.162824","83.41"
"1648164236.1629272","83.67"
"1648164236.163011","85.73"
"1648164236.1630678","83.41"
"1648164236.163125","83.8"
"1648164236.1632","83.41"
"1648164236.163262","83.54"
"1648164236.163323","82.64"
"1648164236.16338","83.28"
"1648164236.163436","83.54"
"1648164236.163496","83.54"
"1648164236.163558","83.15"
"1648164236.163619","83.8"
"1648164236.163674","83.54"
"1648164236.1637278","83.67"
"1648164236.163782","84.06"
"1648164236.163836","83.54"
"1648164236.163889","83.28"
"1648164236.1639428","83.67"
"1648164236.164006","83.41"
"1648164236.1640708","83.54"
"1648164236.16418","83.8"
"1648164236.164253","83.67"
"1648164236.164319","83.41"
"1648164236.164374","83.54"
"1648164236.164429","83.28"
"1648164236.164483","83.67"
"1648164236.1645372","83.67"
"1648164236.164591","83.67"
"1648164236.164646","83.67"
"1648164236.1646998","83.54"
"1648164236.164754","83.41"
"1648164236.164808","83.67"
"1648164236.164862","83.8"
"1648164236.164932","83.54"
"1648164236.1649868","83.67"
"1648164236.165041","83.28"
"1648164236.1651032","83.28"
"1648164236.1651578","83.15"
"1648164236.165211","83.54"
"1648164236.1652648","83.54"
"1648164236.165319","83.28"
"1648164236.165372","83.41"
"1648164236.1654289","83.41"
"1648164236.165492","83.54"
"1648164236.165602","84.06"
"1648164236.165675","83.93"
"1648164236.165741","83.8"
"1648164236.165796","83.41"
"1648164236.1658502","83.54"
"1648164236.1659038","83.15"
"1648164236.165958","83.41"
"1648164236.1660118","83.8"
"1648164236.166065","83.8"
"1648164236.1661189","83.41"
"1648164236.166173","83.28"
"1648164236.1662772","83.67"
"1648164236.166357","83.54"
"1648164236.1664279","83.28"
"1648164236.1665049","83.41"
"1648164236.16657","83.41"
"1648164236.166625","83.28"
"1648164236.166678","83.41"
"1648164236.166732","83.41"
"1648164236.166786","83.67"
"1648164236.166851","83.28"
"1648164236.1670122","83.28"
"1648164236.16708","83.54"
"1648164236.167136","83.54"
"1648164236.167191","83.15"
"1648164236.1672451","83.41"
"1648164236.167299","83.54"
"1648164236.167352","83.28"
"1648164236.167458","83.28"
"1648164236.1675699","83.41"
"1648164236.167627","83.67"
"1648164236.167681","83.8"
"1648164236.167734","84.06"
"1648164236.167788","83.67"
"1648164236.1678421","83.54"
"1648164236.167896","83.41"
"1648164236.1679502","83.54"
"1648164236.168003","83.41"
"1648164236.168056","83.54"
"1648164236.1681101","83.54"
"1648164236.168164","83.41"
"1648164236.1682172","83.8"
"1648164236.168281","83.54"
"1648164236.1683662","83.41"
"1648164236.168422","83.28"
"1648164236.1684768","83.54"
"1648164236.168531","83.41"
"1648164236.168585","83.41"
"1648164236.168648","83.15"
"1648164236.168702","83.41"
"1648164236.168789","83.54"
"1648164236.168894","83.41"
"1648164236.169004","83.54"
"1648164236.169078","83.54"
"1648164236.169136","83.54"
"1648164236.169191","83.54"
"1648164236.169246","83.41"
"1648164236.169301","83.54"
"1648164236.169355","83.67"
"1648164236.1694138","83.41"
"1648164236.1695201","83.67"
"1648164236.169636","83.41"
"1648164236.169714","83.15"
"1648164236.169798","83.41"
"1648164236.1698601","83.54"
"1648164236.169916","83.54"
"1648164236.1699991","83.54"
"1648164236.170068","83.67"
"1648164236.170124","83.54"
"1648164236.1701791","83.67"
"1648164236.170233","83.54"
"1648164236.1702862","83.54"
"1648164236.17034","83.54"
"1648164236.170393","83.41"
"1648164236.1704462","83.41"
"1648164236.170499","84.06"
"1648164236.170553","84.18"
"1648164236.17061","84.44"
"1648164236.170706","84.31"
"1648164236.171783","84.31"
"1648164236.1719239","84.57"
"1648164236.1720488","84.31"
"1648164236.1721442","84.44"
"1648164236.1722162","84.06"
"1648164236.172273","83.15"
"1648164236.172352","83.15"
"1648164236.172417","83.54"
"1648164236.172472","83.41"
"1648164236.1725261","83.28"
"1648164236.17258","83.93"
"1648164236.1726341","84.44"
"1648164236.172687","83.54"
"1648164236.1727412","82.77"
"1648164236.1727948","83.15"
"1648164236.1728482","83.02"
"1648164236.1729012","82.51"
"1648164236.1729631","83.8"
"1648164236.1730208","79.93"
"1648164236.173076","79.41"
"1648164236.17314","82.77"
"1648164236.173263","81.61"
"1648164236.1733508","81.86"
"1648164236.1734211","81.99"
"1648164236.1734889","81.86"
"1648164236.173545","81.73"
"1648164236.1736","80.32"
"1648164236.173655","81.61"
"1648164236.17371","81.48"
"1648164236.173764","81.86"
"1648164236.1738188","81.99"
"1648164236.173874","82.25"
"1648164236.173928","82.25"
"1648164236.1739829","82.12"
"1648164236.174037","82.12"
"1648164236.174091","81.35"
"1648164236.174145","82.38"
"1648164236.174199","82.25"
"1648164236.1742551","82.25"
"1648164236.17431","82.77"
"1648164236.1743639","83.02"
"1648164236.174419","82.64"
"1648164236.174481","82.89"
"1648164236.174546","82.77"
"1648164236.1746602","82.64"
"1648164236.174769","83.02"
"1648164236.174846","83.02"
"1648164236.174918","83.28"
"1648164236.174975","82.89"
"1648164236.17503","83.28"
"1648164236.175084","82.89"
"1648164236.175138","83.02"
"1648164236.175192","83.15"
"1648164236.1752472","83.28"
"1648164236.175301","83.28"
"1648164236.175385","83.41"
"1648164236.1754508","83.28"
"1648164236.1755059","83.28"
"1648164236.175561","82.89"
"1648164236.175615","83.02"
"1648164236.175669","83.02"
"1648164236.1758022","82.89"
"1648164236.1758752","82.89"
"1648164236.175945","83.15"
"1648164236.17601","83.15"
"1648164236.176065","83.15"
"1648164236.176119","83.15"
"1648164236.176173","83.41"
"1648164236.176227","83.15"
"1648164236.17628","83.15"
"1648164236.1763341","83.02"
"1648164236.176388","83.15"
"1648164236.1764412","83.54"
"1648164236.1764941","83.28"
"1648164236.176548","83.15"
"1648164236.1766012","83.15"
"1648164236.176655","83.41"
"1648164236.1767092","83.02"
"1648164236.176762","83.15"
"1648164236.176825","83.15"
"1648164236.176888","83.15"
"1648164236.1769931","83.15"
"1648164236.1770828","83.28"
"1648164236.1771488","82.89"
"1648164236.177204","83.02"
"1648164236.177258","83.02"
"1648164236.177312","83.15"
"1648164236.177366","83.02"
"1648164236.1774201","83.02"
"1648164236.177473","83.15"
"1648164236.177527","83.02"
"1648164236.17758","83.15"
"1648164236.177634","83.15"
"1648164236.1776881","83.02"
"1648164236.177741","83.02"
"1648164236.1777952","83.41"
"1648164236.177848","83.15"
"1648164236.177902","83.15"
"1648164236.177964","83.15"
"1648164236.178018","83.15"
"1648164236.178072","83.15"
"1648164236.178126","83.15"
"1648164236.17818","84.18"
"1648164236.1782641","83.15"
"1648164236.1784132","83.28"
"1648164236.1784809","83.41"
"1648164236.178538","83.28"
"1648164236.178593","83.15"
"1648164236.1786492","83.15"
"1648164236.178703","82.89"
"1648164236.178758","83.02"
"1648164236.1788118","83.15"
"1648164236.178866","82.89"
"1648164236.178921","83.15"
"1648164236.1789749","83.41"
"1648164236.179029","83.15"
"1648164236.179092","83.28"
"1648164236.179146","83.28"
"1648164236.1792","83.15"
"1648164236.179254","83.15"
"1648164236.179307","83.28"
"1648164236.179361","83.15"
"1648164236.1794162","82.38"
"1648164236.17947","83.15"
"1648164236.1795268","83.41"
"1648164236.179584","83.41"
"1648164236.179745","83.02"
"1648164236.179805","83.15"
"1648164236.179861","83.15"
"1648164236.179915","83.41"
"1648164236.17997","83.02"
"1648164236.1800241","83.15"
"1648164236.180078","83.15"
"1648164236.180131","83.15"
"1648164236.180185","83.28"
"1648164236.180253","83.15"
"1648164236.180307","83.28"
"1648164236.180361","82.89"
"1648164236.180415","83.28"
"1648164236.180469","83.15"
"1648164236.180523","83.15"
"1648164236.180577","82.77"
"1648164236.180676","82.77"
"1648164236.1807969","83.15"
"1648164236.180883","83.02"
"1648164236.180941","83.15"
"1648164236.1809962","83.02"
"1648164236.18105","82.89"
"1648164236.1811042","83.28"
"1648164236.1811578","83.02"
"1648164236.181212","83.02"
"1648164236.1812658","83.28"
"1648164236.18132","83.15"
"1648164236.1813838","82.89"
"1648164236.181438","82.77"
"1648164236.181493","83.02"
"1648164236.181547","83.02"
"1648164236.181601","82.64"
"1648164236.181655","83.15"
"1648164236.18171","83.02"
"1648164236.1817641","83.02"
"1648164236.181818","83.28"
"1648164236.1818721","83.15"
"1648164236.1819992","83.15"
"1648164236.182092","83.15"
"1648164236.18216","83.28"
"1648164236.182216","83.02"
"1648164236.182271","83.02"
"1648164236.182326","83.15"
"1648164236.18238","83.15"
"1648164236.182434","83.28"
"1648164236.182496","83.28"
"1648164236.1825511","83.15"
"1648164236.182605","83.02"
"1648164236.1826591","81.22"
"1648164236.182713","83.02"
"1648164236.1827662","83.15"
"1648164236.18282","82.89"
"1648164236.1828742","83.02"
"1648164236.1829278","83.28"
"1648164236.182982","83.15"
"1648164236.1830359","83.15"
"1648164236.18309","83.28"
"1648164236.183143","83.28"
"1648164236.183197","83.15"
"1648164236.18325","83.02"
"1648164236.183307","83.15"
"1648164236.1835","83.28"
"1648164236.183576","83.15"
"1648164236.183635","83.15"
"1648164236.183691","83.15"
"1648164236.183746","83.02"
"1648164236.1838012","83.15"
"1648164236.183855","83.15"
"1648164236.18391","83.02"
"1648164236.1839628","83.15"
"1648164236.184017","83.15"
"1648164236.1840708","83.02"
"1648164236.184125","83.15"
"1648164236.1841788","83.28"
"1648164236.184232","83.41"
"1648164236.1842859","83.54"
"1648164236.184339","83.41"
"1648164236.1844292","83.15"
"1648164236.1845179","83.15"
"1648164236.184578","83.28"
"1648164236.1846342","82.89"
"1648164236.184688","83.28"
"1648164236.184795","83.54"
"1648164236.184906","83.02"
"1648164236.184997","83.02"
"1648164236.185054","83.02"
"1648164236.18511","85.6"
"1648164236.185164","88.57"
"1648164236.1852648","91.02"
"1648164236.1854012","92.7"
"1648164236.185484","93.6"
"1648164236.185539","93.34"
"1648164236.1855931","92.31"
"1648164236.185647","90.12"
"1648164236.1857011","87.15"
"1648164236.1857548","84.06"
"1648164236.185809","80.44"
"1648164236.1858618","77.09"
"1648164236.185916","74.12"
"1648164236.1859698","73.35"
"1648164236.186023","73.09"
"1648164236.1860769","73.09"
"1648164236.186131","74.38"
"1648164236.186272","76.32"
"1648164236.186409","78.9"
"1648164236.18648","82.12"
"1648164236.186539","85.47"
"1648164236.186594","88.7"
"1648164236.186649","91.15"
"1648164236.186704","92.7"
"1648164236.1867578","93.6"
"1648164236.186812","93.34"
"1648164236.1868658","92.18"
"1648164236.18692","89.99"
"1648164236.186974","87.02"
"1648164236.187027","83.93"
"1648164236.1870809","80.44"
"1648164236.187135","77.74"
"1648164236.187188","75.28"
"1648164236.187243","73.09"
"1648164236.187296","72.96"
"1648164236.18735","73.09"
"1648164236.187404","74.38"
"1648164236.187457","76.32"
"1648164236.187511","78.9"
"1648164236.187565","82.89"
"1648164236.187621","84.31"
"1648164236.1877708","88.7"
"1648164236.187855","91.02"
"1648164236.1879208","92.7"
"1648164236.187977","93.73"
"1648164236.188031","93.21"
"1648164236.188085","92.05"
"1648164236.188139","90.12"
"1648164236.188192","87.8"
"1648164236.188246","83.93"
"1648164236.188301","80.44"
"1648164236.188354","77.74"
"1648164236.1884081","75.28"
"1648164236.188461","73.48"
"1648164236.1885161","72.83"
"1648164236.18857","73.09"
"1648164236.1886232","74.38"
"1648164236.188677","76.44"
"1648164236.188731","79.03"
"1648164236.1887848","82.12"
"1648164236.188838","85.22"
"1648164236.188892","88.57"
"1648164236.188946","90.38"
"1648164236.189004","92.96"
"1648164236.189167","93.34"
"1648164236.189255","92.96"
"1648164236.189321","92.18"
"1648164236.189376","90.25"
"1648164236.189506","87.41"
"1648164236.1895812","84.06"
"1648164236.189638","80.7"
"1648164236.189693","77.74"
"1648164236.1897469","75.54"
"1648164236.189802","73.61"
"1648164236.189856","72.96"
"1648164236.1899111","73.22"
"1648164236.189965","74.38"
"1648164236.1900191","76.44"
"1648164236.190073","79.03"
"1648164236.1901271","82.25"
"1648164236.190181","85.6"
"1648164236.1902342","88.7"
"1648164236.19029","91.28"
"1648164236.1903439","92.7"
"1648164236.190398","93.21"
"1648164236.190454","93.21"
"1648164236.190594","92.18"
"1648164236.190686","90.12"
"1648164236.190742","87.02"
"1648164236.2700732","83.93"
"1648164236.3700778","80.32"
"1648164236.469884","77.61"
"1648164236.570187","75.15"
"1648164236.670142","73.61"
"1648164236.770087","72.96"
"1648164236.8700721","73.48"
"1648164236.970192","74.12"
"1648164237.0703201","75.93"
"1648164237.170296","79.03"
"1648164237.270187","82.25"
"1648164237.370214","85.6"
"1648164237.470201","88.57"
"1648164237.570495","91.02"
"1648164237.670262","92.7"
"1648164237.770224","93.34"
"1648164237.870291","93.34"
"1648164237.9704828","92.05"
"1648164238.070217","89.86"
"1648164238.170559","87.15"
"1648164238.270586","84.31"
"1648164238.3707142","80.57"
"1648164238.4704142","77.48"
"1648164238.570453","75.15"
"1648164238.670635","73.61"
"1648164238.7704902","72.83"
"1648164238.870461","73.48"
"1648164238.970645","74.12"
"1648164239.070668","76.32"
"1648164239.170717","78.77"
"1648164239.2706409","82.25"
"1648164239.370914","85.6"
"1648164239.470505","88.7"
"1648164239.570855","91.15"
"1648164239.67066","92.83"
"1648164239.770719","93.34"
"1648164239.8708339","93.09"
"1648164239.970807","92.05"
"1648164240.0710468","89.86"
"1648164240.171011","87.02"
"1648164240.2707672","83.8"
"1648164240.370917","80.57"
"1648164240.470759","77.74"
"1648164240.570905","75.28"
"1648164240.671155","73.74"
"1648164240.770999","72.96"
"1648164240.87107","72.96"
"1648164240.971072","74.38"
"1648164241.071242","76.32"
"1648164241.171157","78.9"
"1648164241.271081","82.38"
"1648164241.370965","86.25"
"1648164241.4709089","88.7"
"1648164241.5712152","91.02"
"1648164241.6710012","92.7"
"1648164241.7713048","93.6"
"1648164241.871479","93.34"
"1648164241.9716961","92.05"
"1648164242.07133","89.99"
"1648164242.171419","87.02"
"1648164242.2712278","83.93"
"1648164242.371179","80.44"
"1648164242.471137","77.48"
"1648164242.571174","75.15"
"1648164242.671487","73.74"
"1648164242.7713852","73.48"
"1648164242.871711","73.22"
"1648164242.9715772","74.25"
"1648164243.071569","76.44"
"1648164243.171471","78.9"
"1648164243.271613","82.25"
"1648164243.371731","85.6"
"1648164243.471456","88.57"
"1648164243.5729122","91.02"
"1648164243.671724","92.83"
"1648164243.7716448","93.34"
"1648164243.871865","93.09"
"1648164243.971609","92.18"
"1648164244.0716422","89.86"
"1648164244.1716108","87.15"
"1648164244.271656","83.93"
"1648164244.3716009","80.96"
"1648164244.471661","77.48"
"1648164244.571657","75.15"
"1648164244.671666","72.83"
"1648164244.771873","73.22"
"1648164244.8717551","73.09"
"1648164244.9720871","74.25"
"1648164245.071865","76.32"
"1648164245.171766","78.9"
"1648164245.27296","82.38"
"1648164245.372034","85.6"
"1648164245.4725718","88.18"
"1648164245.57183","90.89"
"1648164245.671832","92.83"
"1648164245.771817","93.6"
"1648164245.871907","93.21"
"1648164245.9719229","91.8"
"1648164246.074421","89.86"
