1646958849.115298,"<X0.0Y0.0>
"
1646958849.2181492,"<X29.55202Y29.55202>
"
1646958849.320065,"<X56.46425Y56.46425>
"
1646958849.422409,"<X78.33269Y78.33269>
"
1646958849.523926,"<X93.20391Y93.20391>
"
1646958849.627795,"<X99.7495Y99.7495>
"
1646958849.73216,"<X97.38476Y97.38476>
"
1646958849.833266,"<X86.32094Y86.32094>
"
1646958849.938168,"<X67.54632Y67.54632>
"
1646958850.040895,"<X42.73799Y42.73799>
"
1646958850.141649,"<X14.112Y14.112>
"
1646958850.2436779,"<X-15.77457Y-15.77457>
"
1646958850.348952,"<X-44.25204Y-44.25204>
"
1646958850.454499,"<X-68.77662Y-68.77662>
"
1646958850.556556,"<X-87.15758Y-87.15758>
"
1646958850.659319,"<X-97.75301Y-97.75301>
"
1646958850.759722,"<X-99.61646Y-99.61646>
"
1646958850.860468,"<X-92.58147Y-92.58147>
"
1646958850.961287,"<X-77.27645Y-77.27645>
"
1646958851.066539,"<X-55.06855Y-55.06855>
"
1646958851.171478,"<X-27.94155Y-27.94155>
"
1646958851.27311,"<X1.68139Y1.68139>
"
1646958851.3786108,"<X31.15414Y31.15414>
"
1646958851.483496,"<X57.84398Y57.84398>
"
1646958851.5889971,"<X79.36679Y79.36679>
"
1646958851.6936278,"<X93.8Y93.8>
"
1646958851.796471,"<X99.85433Y99.85433>
"
1646958851.898439,"<X96.98898Y96.98898>
"
1646958852.0007749,"<X85.45989Y85.45989>
"
1646958852.1049862,"<X66.29692Y66.29692>
"
1646958852.207562,"<X41.21185Y41.21185>
"
1646958852.3105128,"<X12.44544Y12.44544>
"
1646958852.4155352,"<X-17.43268Y-17.43268>
"
1646958852.519226,"<X-45.75359Y-45.75359>
"
1646958852.6245918,"<X-69.98747Y-69.98747>
"
1646958852.729803,"<X-87.96958Y-87.96958>
"
1646958852.83067,"<X-98.09362Y-98.09362>
"
1646958852.9319491,"<X-99.45526Y-99.45526>
"
1646958853.037536,"<X-91.93285Y-91.93285>
"
1646958853.139155,"<X-76.19836Y-76.19836>
"
1646958853.242381,"<X-53.65729Y-53.65729>
"
1646958853.343632,"<X-26.32318Y-26.32318>
"
1646958853.447961,"<X3.3623Y3.3623>
"
1646958853.5502331,"<X32.74744Y32.74744>
"
1646958853.652333,"<X59.20735Y59.20735>
"
1646958853.754954,"<X80.37844Y80.37844>
"
1646958853.855571,"<X94.36957Y94.36957>
"
1646958853.9564538,"<X99.93094Y99.93094>
"
1646958854.06147,"<X96.56578Y96.56578>
"
1646958854.1636019,"<X84.57468Y84.57468>
"
1646958854.265943,"<X65.02878Y65.02878>
"
1646958854.366486,"<X39.67406Y39.67406>
"
1646958854.470329,"<X10.77537Y10.77537>
"
1646958854.573007,"<X-19.08586Y-19.08586>
"
1646958854.6736152,"<X-47.2422Y-47.2422>
"
1646958854.7742689,"<X-71.17853Y-71.17853>
"
1646958854.875735,"<X-88.7567Y-88.7567>
"
1646958854.98149,"<X-98.4065Y-98.4065>
"
1646958855.084084,"<X-99.26594Y-99.26594>
"
1646958855.187694,"<X-91.25824Y-91.25824>
"
1646958855.288395,"<X-75.09872Y-75.09872>
"
1646958855.3903072,"<X-52.23086Y-52.23086>
"
1646958855.492695,"<X-24.69737Y-24.69737>
"
1646958855.593123,"<X5.04227Y5.04227>
"
1646958855.6937191,"<X34.33149Y34.33149>
"
1646958855.796766,"<X60.55399Y60.55399>
"
1646958855.897755,"<X81.36737Y81.36737>
"
1646958855.99984,"<X94.91246Y94.91246>
"
1646958856.105296,"<X99.97929Y99.97929>
"
1646958856.208597,"<X96.11527Y96.11527>
"
1646958856.309163,"<X83.66556Y83.66556>
"
1646958856.412438,"<X63.74226Y63.74226>
"
1646958856.515242,"<X38.12505Y38.12505>
"
1646958856.617999,"<X9.10224Y9.10224>
"
1646958856.720232,"<X-20.73364Y-20.73364>
"
1646958856.821909,"<X-48.71745Y-48.71745>
"
1646958856.92293,"<X-72.34948Y-72.34948>
"
1646958857.026668,"<X-89.51874Y-89.51874>
"
1646958857.128175,"<X-98.69156Y-98.69156>
"
1646958857.2313228,"<X-99.04855Y-99.04855>
"
1646958857.333555,"<X-90.55784Y-90.55784>
"
1646958857.434701,"<X-73.97786Y-73.97786>
"
1646958857.5380118,"<X-50.78966Y-50.78966>
"
1646958857.643071,"<X-23.06457Y-23.06457>
"
1646958857.744475,"<X6.72081Y6.72081>
"
1646958857.845168,"<X35.90584Y35.90584>
"
1646958857.9474392,"<X61.8835Y61.8835>
"
1646958858.049461,"<X82.3333Y82.3333>
"
1646958858.150513,"<X95.42851Y95.42851>
"
1646958858.2538838,"<X99.99937Y99.99937>
"
1646958858.356174,"<X95.63759Y95.63759>
"
1646958858.4585001,"<X82.73279Y82.73279>
"
1646958858.560912,"<X62.43771Y62.43771>
"
1646958858.6661801,"<X36.56526Y36.56526>
"
1646958858.7716749,"<X7.42654Y7.42654>
"
1646958858.8743858,"<X-22.37556Y-22.37556>
"
1646958858.9798558,"<X-50.17893Y-50.17893>
"
1646958859.083699,"<X-73.49996Y-73.49996>
"
1646958859.18509,"<X-90.25546Y-90.25546>
"
1646958859.28753,"<X-98.94871Y-98.94871>
"
1646958859.391218,"<X-98.80316Y-98.80316>
"
1646958859.4967391,"<X-89.83182Y-89.83182>
"
1646958859.601035,"<X-72.83608Y-72.83608>
"
1646958859.703941,"<X-49.3341Y-49.3341>
"
1646958859.8092842,"<X-21.42525Y-21.42525>
"
1646958859.9104562,"<X8.39745Y8.39745>
"
1646958860.0122418,"<X37.47003Y37.47003>
"
1646958860.1138198,"<X63.19552Y63.19552>
"
1646958860.2195241,"<X83.27595Y83.27595>
"
1646958860.325203,"<X95.91758Y95.91758>
"
1646958860.430874,"<X99.99119Y99.99119>
"
1646958860.534699,"<X95.13287Y95.13287>
"
1646958860.639803,"<X81.77663Y81.77663>
"
1646958860.7448661,"<X61.11551Y61.11551>
"
1646958860.847615,"<X34.99514Y34.99514>
"
1646958860.94975,"<X5.74875Y5.74875>
"
1646958861.05482,"<X-24.01116Y-24.01116>
"
1646958861.157551,"<X-51.62622Y-51.62622>
"
1646958861.263422,"<X-74.62967Y-74.62967>
"
1646958861.367918,"<X-90.96667Y-90.96667>
"
1646958861.473711,"<X-99.17789Y-99.17789>
"
1646958861.574985,"<X-98.52984Y-98.52984>
"
1646958861.677239,"<X-89.08041Y-89.08041>
"
1646958861.7812219,"<X-71.6737Y-71.6737>
"
1646958861.883151,"<X-47.86459Y-47.86459>
"
1646958861.9850612,"<X-19.77988Y-19.77988>
"
1646958862.086378,"<X10.07171Y10.07171>
"
1646958862.1919181,"<X39.02362Y39.02362>
"
1646958862.293726,"<X64.48967Y64.48967>
"
1646958862.397536,"<X84.19505Y84.19505>
"
1646958862.502102,"<X96.37954Y96.37954>
"
1646958862.603532,"<X99.95473Y99.95473>
"
1646958862.708085,"<X94.60126Y94.60126>
"
1646958862.8121119,"<X80.79734Y80.79734>
"
1646958862.9175942,"<X59.77604Y59.77604>
"
1646958863.0190752,"<X33.41512Y33.41512>
"
1646958863.1197178,"<X4.06933Y4.06933>
"
1646958863.225468,"<X-25.63997Y-25.63997>
"
1646958863.326036,"<X-53.05892Y-53.05892>
"
1646958863.426997,"<X-75.73827Y-75.73827>
"
1646958863.531623,"<X-91.65215Y-91.65215>
"
1646958863.636986,"<X-99.37902Y-99.37902>
"
1646958863.741787,"<X-98.22866Y-98.22866>
"
1646958863.8439329,"<X-88.30382Y-88.30382>
"
1646958863.945467,"<X-70.49106Y-70.49106>
"
1646958864.04748,"<X-46.38155Y-46.38155>
"
1646958864.151726,"<X-18.12891Y-18.12891>
"
1646958864.25613,"<X11.74313Y11.74313>
"
1646958864.3618429,"<X40.56619Y40.56619>
"
1646958864.466191,"<X65.76559Y65.76559>
"
1646958864.571929,"<X85.09035Y85.09035>
"
1646958864.677618,"<X96.81424Y96.81424>
"
1646958864.7787929,"<X99.89001Y99.89001>
"
1646958864.88273,"<X94.0429Y94.0429>
"
1646958864.983666,"<X79.79521Y79.79521>
"
1646958865.084832,"<X58.41966Y58.41966>
"
1646958865.188836,"<X31.82565Y31.82565>
"
1646958865.2906911,"<X2.38875Y2.38875>
"
1646958865.3948538,"<X-27.26153Y-27.26153>
"
1646958865.499727,"<X-54.47661Y-54.47661>
"
1646958865.605474,"<X-76.82547Y-76.82547>
"
1646959763.2580328,"<X0.0Y0.0>
"
1646959763.365001,"<X29.55202Y29.55202>
"
1646959763.4709098,"<X56.46425Y56.46425>
"
1646959763.576761,"<X78.33269Y78.33269>
"
1646959763.682569,"<X93.20391Y93.20391>
"
1646959763.783338,"<X99.7495Y99.7495>
"
1646959763.889046,"<X97.38476Y97.38476>
"
1646959763.991754,"<X86.32094Y86.32094>
"
1646959764.094888,"<X67.54632Y67.54632>
"
1646959764.200489,"<X42.73799Y42.73799>
"
1646959764.306239,"<X14.112Y14.112>
"
1646959764.412008,"<X-15.77457Y-15.77457>
"
1646959764.517837,"<X-44.25204Y-44.25204>
"
1646959764.618965,"<X-68.77662Y-68.77662>
"
1646959764.724888,"<X-87.15758Y-87.15758>
"
1646959764.830719,"<X-97.75301Y-97.75301>
"
1646959764.936534,"<X-99.61646Y-99.61646>
"
1646959765.0419981,"<X-92.58147Y-92.58147>
"
1646959765.147221,"<X-77.27645Y-77.27645>
"
1646959765.253118,"<X-55.06855Y-55.06855>
"
1646959765.354578,"<X-27.94155Y-27.94155>
"
1646959765.4603891,"<X1.68139Y1.68139>
"
1646959765.561373,"<X31.15414Y31.15414>
"
1646959765.663539,"<X57.84398Y57.84398>
"
1646959765.768105,"<X79.36679Y79.36679>
"
1646959765.873913,"<X93.8Y93.8>
"
1646959765.979716,"<X99.85433Y99.85433>
"
1646959766.085674,"<X96.98898Y96.98898>
"
1646959766.188734,"<X85.45989Y85.45989>
"
1646959766.2928278,"<X66.29692Y66.29692>
"
1646959766.3985422,"<X41.21185Y41.21185>
"
1646959766.500414,"<X12.44544Y12.44544>
"
1646959766.6062331,"<X-17.43268Y-17.43268>
"
1646959766.712088,"<X-45.75359Y-45.75359>
"
1646959766.81358,"<X-69.98747Y-69.98747>
"
1646959766.919477,"<X-87.96958Y-87.96958>
"
1646959767.0212622,"<X-98.09362Y-98.09362>
"
1646959767.122648,"<X-99.45526Y-99.45526>
"
1646959767.227843,"<X-91.93285Y-91.93285>
"
1646959767.3305652,"<X-76.19836Y-76.19836>
"
1646959767.4359438,"<X-53.65729Y-53.65729>
"
1646959767.538562,"<X-26.32318Y-26.32318>
"
1646959767.64434,"<X3.3623Y3.3623>
"
1646959767.7471502,"<X32.74744Y32.74744>
"
1646959767.85289,"<X59.20735Y59.20735>
"
1646959767.958694,"<X80.37844Y80.37844>
"
1646959768.064585,"<X94.36957Y94.36957>
"
1646959768.1670241,"<X99.93094Y99.93094>
"
1646959768.2729971,"<X96.56578Y96.56578>
"
1646959768.378874,"<X84.57468Y84.57468>
"
1646959768.4816031,"<X65.02878Y65.02878>
"
1646959768.587441,"<X39.67406Y39.67406>
"
1646959768.693295,"<X10.77537Y10.77537>
"
1646959768.7968152,"<X-19.08586Y-19.08586>
"
1646959768.900424,"<X-47.2422Y-47.2422>
"
1646959769.005358,"<X-71.17853Y-71.17853>
"
1646959769.1111271,"<X-88.7567Y-88.7567>
"
1646959769.216945,"<X-98.4065Y-98.4065>
"
1646959769.322864,"<X-99.26594Y-99.26594>
"
1646959769.428706,"<X-91.25824Y-91.25824>
"
1646959769.534531,"<X-75.09872Y-75.09872>
"
1646959769.640362,"<X-52.23086Y-52.23086>
"
1646959769.7462668,"<X-24.69737Y-24.69737>
"
1646959769.8513138,"<X5.04227Y5.04227>
"
1646959769.957234,"<X34.33149Y34.33149>
"
1646959770.063091,"<X60.55399Y60.55399>
"
1646959770.16838,"<X81.36737Y81.36737>
"
1646959770.2739751,"<X94.91246Y94.91246>
"
1646959770.3798132,"<X99.97929Y99.97929>
"
1646959770.484761,"<X96.11527Y96.11527>
"
1646959770.585811,"<X83.66556Y83.66556>
"
1646959770.6867762,"<X63.74226Y63.74226>
"
1646959770.788621,"<X38.12505Y38.12505>
"
1646959770.8944588,"<X9.10224Y9.10224>
"
1646959771.000415,"<X-20.73364Y-20.73364>
"
1646959771.106261,"<X-48.71745Y-48.71745>
"
1646959771.21211,"<X-72.34948Y-72.34948>
"
1646959771.315058,"<X-89.51874Y-89.51874>
"
1646959771.420376,"<X-98.69156Y-98.69156>
"
1646959771.5241442,"<X-99.04855Y-99.04855>
"
1646959771.628982,"<X-90.55784Y-90.55784>
"
1646959771.7329412,"<X-73.97786Y-73.97786>
"
1646959771.8357608,"<X-50.78966Y-50.78966>
"
1646959771.9381409,"<X-23.06457Y-23.06457>
"
1646959772.0405078,"<X6.72081Y6.72081>
"
1646959772.145329,"<X35.90584Y35.90584>
"
1646959772.246815,"<X61.8835Y61.8835>
"
1646959772.348191,"<X82.3333Y82.3333>
"
1646959772.450523,"<X95.42851Y95.42851>
"
1646959772.552913,"<X99.99937Y99.99937>
"
1646959772.654926,"<X95.63759Y95.63759>
"
1646959772.7571552,"<X82.73279Y82.73279>
"
1646959772.859767,"<X62.43771Y62.43771>
"
1646959772.9620962,"<X36.56526Y36.56526>
"
1646959773.0643358,"<X7.42654Y7.42654>
"
1646959773.166913,"<X-22.37556Y-22.37556>
"
1646959773.269281,"<X-50.17893Y-50.17893>
"
1646959773.370692,"<X-73.49996Y-73.49996>
"
1646959773.474175,"<X-90.25546Y-90.25546>
"
1646959773.5769331,"<X-98.94871Y-98.94871>
"
1646959773.680227,"<X-98.80316Y-98.80316>
"
1646959773.7812722,"<X-89.83182Y-89.83182>
"
1646959773.883903,"<X-72.83608Y-72.83608>
"
1646959773.986022,"<X-49.3341Y-49.3341>
"
1646959774.0883782,"<X-21.42525Y-21.42525>
"
1646959774.191217,"<X8.39745Y8.39745>
"
1646959774.2922308,"<X37.47003Y37.47003>
"
1646959774.393376,"<X63.19552Y63.19552>
"
1646959774.498529,"<X83.27595Y83.27595>
"
1646959774.6005938,"<X95.91758Y95.91758>
"
1646959774.702903,"<X99.99119Y99.99119>
"
1646959774.8068,"<X95.13287Y95.13287>
"
1646959774.9077098,"<X81.77663Y81.77663>
"
1646959775.01005,"<X61.11551Y61.11551>
"
1646959775.112395,"<X34.99514Y34.99514>
"
1646959775.214755,"<X5.74875Y5.74875>
"
1646959775.31636,"<X-24.01116Y-24.01116>
"
1646959775.419074,"<X-51.62622Y-51.62622>
"
1646959775.522055,"<X-74.62967Y-74.62967>
"
1646959775.624043,"<X-90.96667Y-90.96667>
"
1646959775.727134,"<X-99.17789Y-99.17789>
"
1646959775.829066,"<X-98.52984Y-98.52984>
"
1646959775.92984,"<X-89.08041Y-89.08041>
"
1646959776.034284,"<X-71.6737Y-71.6737>
"
1646959776.137929,"<X-47.86459Y-47.86459>
"
1646959776.241268,"<X-19.77988Y-19.77988>
"
1646959776.347111,"<X10.07171Y10.07171>
"
1646959776.4527822,"<X39.02362Y39.02362>
"
1646959776.558526,"<X64.48967Y64.48967>
"
1646959776.663689,"<X84.19505Y84.19505>
"
1646959776.768098,"<X96.37954Y96.37954>
"
1646959776.873965,"<X99.95473Y99.95473>
"
1646959776.97513,"<X94.60126Y94.60126>
"
1646959777.078733,"<X80.79734Y80.79734>
"
1646959777.1846058,"<X59.77604Y59.77604>
"
1646959777.288681,"<X33.41512Y33.41512>
"
1646959777.3945549,"<X4.06933Y4.06933>
"
1646959777.499369,"<X-25.63997Y-25.63997>
"
1646959777.600637,"<X-53.05892Y-53.05892>
"
1646959777.706439,"<X-75.73827Y-75.73827>
"
1646959777.812257,"<X-91.65215Y-91.65215>
"
1646959777.913831,"<X-99.37902Y-99.37902>
"
1646959778.0175118,"<X-98.22866Y-98.22866>
"
1646959778.118591,"<X-88.30382Y-88.30382>
"
1646959778.222068,"<X-70.49106Y-70.49106>
"
1646959778.325591,"<X-46.38155Y-46.38155>
"
1646959778.430552,"<X-18.12891Y-18.12891>
"
1646959778.533938,"<X11.74313Y11.74313>
"
1646959778.6372118,"<X40.56619Y40.56619>
"
1646959778.73911,"<X65.76559Y65.76559>
"
1646959778.8447978,"<X85.09035Y85.09035>
"
1646959778.950607,"<X96.81424Y96.81424>
"
1646959779.0564191,"<X99.89001Y99.89001>
"
1646959779.162239,"<X94.0429Y94.0429>
"
1646959779.2638679,"<X79.79521Y79.79521>
"
1646959779.365668,"<X58.41966Y58.41966>
"
1646959779.471456,"<X31.82565Y31.82565>
"
1646959779.57292,"<X2.38875Y2.38875>
"
1646959779.678603,"<X-27.26153Y-27.26153>
"
1646959779.783941,"<X-54.47661Y-54.47661>
"
1646959779.885083,"<X-76.82547Y-76.82547>
"
1646959779.990746,"<X-92.31173Y-92.31173>
"
1646959780.09225,"<X-99.55206Y-99.55206>
"
1646959780.198186,"<X-97.8997Y-97.8997>
"
1646959780.301257,"<X-87.50226Y-87.50226>
"
1646959780.407184,"<X-69.2885Y-69.2885>
"
1646959780.511564,"<X-44.8854Y-44.8854>
"
1646959780.614922,"<X-16.47282Y-16.47282>
"
1646959780.720938,"<X13.41122Y13.41122>
"
1646959780.82356,"<X42.09728Y42.09728>
"
1646959780.929517,"<X67.02292Y67.02292>
"
1646959781.0335538,"<X85.96159Y85.96159>
"
1646959781.139426,"<X97.22158Y97.22158>
"
1646959781.245273,"<X99.79705Y99.79705>
"
1646959781.349897,"<X93.45795Y93.45795>
"
1646959781.455797,"<X78.77052Y78.77052>
"
1646959781.558805,"<X57.04676Y57.04676>
"
1646959781.664023,"<X30.22719Y30.22719>
"
1646959781.766599,"<X0.70751Y0.70751>
"
1646959781.870792,"<X-28.87538Y-28.87538>
"
1646959781.973171,"<X-55.8789Y-55.8789>
"
1646959782.075649,"<X-77.89094Y-77.89094>
"
1646959782.17798,"<X-92.94521Y-92.94521>
"
1646959782.280653,"<X-99.69696Y-99.69696>
"
1646959782.38209,"<X-97.54307Y-97.54307>
"
1646959782.4850292,"<X-86.67596Y-86.67596>
"
1646959782.587491,"<X-68.06634Y-68.06634>
"
1646959782.689863,"<X-43.37655Y-43.37655>
"
1646959782.792181,"<X-14.81207Y-14.81207>
"
1646959782.89476,"<X15.07553Y15.07553>
"
1646959783.000694,"<X43.61648Y43.61648>
"
1646959783.101589,"<X68.26129Y68.26129>
"
1646959783.2074912,"<X86.80853Y86.80853>
"
1646959783.308324,"<X97.60143Y97.60143>
"
1646959783.413821,"<X99.67587Y99.67587>
"
1646959783.519774,"<X92.84657Y92.84657>
"
1646959783.625694,"<X77.72356Y77.72356>
"
1646959783.731564,"<X55.65774Y55.65774>
"
1646959783.835516,"<X28.62018Y28.62018>
"
1646959783.9406662,"<X-0.97394Y-0.97394>
"
1646959784.0465899,"<X-30.48106Y-30.48106>
"
1646959784.15248,"<X-57.2654Y-57.2654>
"
1646959784.254121,"<X-78.93439Y-78.93439>
"
1646959784.359991,"<X-93.5524Y-93.5524>
"
1646959784.465879,"<X-99.81366Y-99.81366>
"
1646959784.566714,"<X-97.15886Y-97.15886>
"
1646959784.672608,"<X-85.82515Y-85.82515>
"
1646959784.7785091,"<X-66.82494Y-66.82494>
"
1646959784.884405,"<X-41.85545Y-41.85545>
"
1646959784.986675,"<X-13.14714Y-13.14714>
"
1646959785.0925398,"<X16.73557Y16.73557>
"
1646959785.198415,"<X45.12334Y45.12334>
"
1646959785.300689,"<X69.48037Y69.48037>
"
1646959785.404483,"<X87.63093Y87.63093>
"
1646959785.510459,"<X97.95368Y97.95368>
"
1646959785.612109,"<X99.52652Y99.52652>
"
1646959785.718039,"<X92.20895Y92.20895>
"
1646959785.823869,"<X76.65463Y76.65463>
"
1646959785.929696,"<X54.25298Y54.25298>
"
1646959786.0320199,"<X27.00507Y27.00507>
"
1646959786.1378949,"<X-2.65512Y-2.65512>
"
1646959786.2388108,"<X-32.07813Y-32.07813>
"
1646959786.339473,"<X-58.6357Y-58.6357>
"
1646959786.445298,"<X-79.95552Y-79.95552>
"
1646959786.551125,"<X-94.13315Y-94.13315>
"
1646959786.655749,"<X-99.90215Y-99.90215>
"
1646959786.76136,"<X-96.74718Y-96.74718>
"
1646959786.867153,"<X-84.95008Y-84.95008>
"
1646959786.968962,"<X-65.56464Y-65.56464>
"
1646959787.069833,"<X-40.32251Y-40.32251>
"
1646959787.1707,"<X-11.47848Y-11.47848>
"
1646959787.272131,"<X18.39088Y18.39088>
"
1646959787.374024,"<X46.61744Y46.61744>
"
1646959787.476663,"<X70.6798Y70.6798>
"
1646959787.582158,"<X88.42855Y88.42855>
"
1646959787.687691,"<X98.27824Y98.27824>
"
1646959787.788651,"<X99.34902Y99.34902>
"
1646959787.894179,"<X91.54525Y91.54525>
"
1646959787.999882,"<X75.56402Y75.56402>
"
1646959788.100694,"<X52.83288Y52.83288>
"
1646959788.2065659,"<X25.38234Y25.38234>
"
1646959788.30787,"<X-4.33554Y-4.33554>
"
1646959788.413855,"<X-33.66613Y-33.66613>
"
1646959788.514889,"<X-59.98943Y-59.98943>
"
1646959788.616448,"<X-80.95405Y-80.95405>
"
1646959788.717715,"<X-94.68729Y-94.68729>
"
1646959788.818791,"<X-99.96239Y-99.96239>
"
1646959788.9245582,"<X-96.30815Y-96.30815>
"
1646959789.030472,"<X-84.05099Y-84.05099>
"
1646959789.133721,"<X-64.28581Y-64.28581>
"
1646959789.235868,"<X-38.77816Y-38.77816>
"
1646959789.341758,"<X-9.80658Y-9.80658>
"
1646959789.4475908,"<X20.04099Y20.04099>
"
1646959789.5507321,"<X48.09836Y48.09836>
"
1646959789.6531332,"<X71.85925Y71.85925>
"
1646959789.754161,"<X89.20117Y89.20117>
"
1646959789.857669,"<X98.57501Y98.57501>
"
1646959789.958932,"<X99.14344Y99.14344>
"
1646959790.0626838,"<X90.85568Y90.85568>
"
1646959790.166841,"<X74.45205Y74.45205>
"
1646959790.27285,"<X51.39785Y51.39785>
"
1646959790.3778691,"<X23.75242Y23.75242>
"
1646959790.483767,"<X-6.01473Y-6.01473>
"
1646959790.5846038,"<X-35.24461Y-35.24461>
"
1646959790.69045,"<X-61.32619Y-61.32619>
"
1646959790.796242,"<X-81.92969Y-81.92969>
"
1646959790.900855,"<X-95.21465Y-95.21465>
"
1646959791.005944,"<X-99.99437Y-99.99437>
"
1646959791.111192,"<X-95.84189Y-95.84189>
"
1646959791.2139351,"<X-83.12814Y-83.12814>
"
1646959791.319082,"<X-62.9888Y-62.9888>
"
1646959791.4242198,"<X-37.22286Y-37.22286>
"
1646959791.529396,"<X-8.13191Y-8.13191>
"
1646959791.6345768,"<X21.68544Y21.68544>
"
1646959791.735837,"<X49.56569Y49.56569>
"
1646959791.8410041,"<X73.01839Y73.01839>
"
1646959791.941877,"<X89.94857Y89.94857>
"
1646959792.0447738,"<X98.84391Y98.84391>
"
1646959792.149927,"<X98.90982Y98.90982>
"
1646959792.2538161,"<X90.14042Y90.14042>
"
1646959792.3583858,"<X73.31903Y73.31903>
"
1646959792.4636319,"<X49.94828Y49.94828>
"
1646959792.5648398,"<X22.11579Y22.11579>
"
1646959792.670005,"<X-7.69223Y-7.69223>
"
1646959792.771023,"<X-36.81313Y-36.81313>
"
1646959792.872092,"<X-62.64562Y-62.64562>
"
1646959792.977304,"<X-82.88216Y-82.88216>
"
1646959793.0811431,"<X-95.71509Y-95.71509>
"
1646959793.1822631,"<X-99.99808Y-99.99808>
"
1646959793.283073,"<X-95.34853Y-95.34853>
"
1646959793.384254,"<X-82.18178Y-82.18178>
"
1646959793.487335,"<X-61.67398Y-61.67398>
"
1646959793.591247,"<X-35.65703Y-35.65703>
"
1646959793.69717,"<X-6.45494Y-6.45494>
"
1646959793.8006232,"<X23.32375Y23.32375>
"
1646959793.9012082,"<X51.019Y51.019>
"
1646959794.003235,"<X74.15687Y74.15687>
"
1646959794.109282,"<X90.67054Y90.67054>
"
1646959794.212369,"<X99.08487Y99.08487>
"
1646959794.318165,"<X98.64824Y98.64824>
"
1646959794.419318,"<X89.39967Y89.39967>
"
1646959794.524951,"<X72.16528Y72.16528>
"
1646959794.630879,"<X48.48459Y48.48459>
"
1646959794.734384,"<X20.47291Y20.47291>
"
1646959794.839762,"<X-9.36755Y-9.36755>
"
1646959794.9423392,"<X-38.37124Y-38.37124>
"
1646959795.048169,"<X-63.94733Y-63.94733>
"
1646959795.1542342,"<X-83.81121Y-83.81121>
"
1646959795.259457,"<X-96.18848Y-96.18848>
"
1646959795.365205,"<X-99.97351Y-99.97351>
"
1646959795.4711292,"<X-94.82821Y-94.82821>
"
1646959795.577016,"<X-81.21219Y-81.21219>
"
1646959795.682904,"<X-60.34173Y-60.34173>
"
1646959795.788367,"<X-34.08112Y-34.08112>
"
1646959795.892586,"<X-4.77614Y-4.77614>
"
1646959795.9938939,"<X24.95547Y24.95547>
"
1646959796.0968692,"<X52.45789Y52.45789>
"
1646959796.20056,"<X75.2744Y75.2744>
"
1646959796.3033102,"<X91.36687Y91.36687>
"
1646959796.409214,"<X99.29781Y99.29781>
"
1646959796.51374,"<X98.35877Y98.35877>
"
1646959796.6162088,"<X88.63364Y88.63364>
"
1646959796.717118,"<X70.99113Y70.99113>
"
1646959796.821416,"<X47.00719Y47.00719>
"
1646959796.92482,"<X18.82424Y18.82424>
"
1646959797.025988,"<X-11.04022Y-11.04022>
"
1646959797.1281312,"<X-39.9185Y-39.9185>
"
1646959797.228981,"<X-65.23097Y-65.23097>
"
1646959797.333175,"<X-84.71655Y-84.71655>
"
1646959797.435377,"<X-96.63466Y-96.63466>
"
1646959797.537977,"<X-99.92068Y-99.92068>
"
1646959797.640552,"<X-94.28109Y-94.28109>
"
1646959797.7421749,"<X-80.21964Y-80.21964>
"
1646959797.843162,"<X-58.99242Y-58.99242>
"
1646959797.94736,"<X-32.49557Y-32.49557>
"
1646959798.050167,"<X-3.096Y-3.096>
"
1646959798.152589,"<X26.58014Y26.58014>
"
1646959798.254406,"<X53.88194Y53.88194>
"
1646959798.356777,"<X76.37064Y76.37064>
"
1646959798.4593768,"<X92.03737Y92.03737>
"
1646959798.561755,"<X99.48268Y99.48268>
"
1646959798.663955,"<X98.0415Y98.0415>
"
1646959798.769632,"<X87.84256Y87.84256>
"
1646959798.875488,"<X69.79691Y69.79691>
"
1646959798.981507,"<X45.5165Y45.5165>
"
1646959799.087295,"<X17.17025Y17.17025>
"
1646959799.188426,"<X-12.70977Y-12.70977>
"
1646959799.294278,"<X-41.45447Y-41.45447>
"
1646959799.3967319,"<X-66.49616Y-66.49616>
"
1646959799.500803,"<X-85.59795Y-85.59795>
"
1646959799.606689,"<X-97.05353Y-97.05353>
"
1646959799.709974,"<X-99.8396Y-99.8396>
"
1646959799.8141649,"<X-93.7073Y-93.7073>
"
1646959799.91996,"<X-79.20441Y-79.20441>
"
1646959800.0237389,"<X-57.62642Y-57.62642>
"
1646959800.128268,"<X-30.90084Y-30.90084>
"
1646959800.234114,"<X-1.41497Y-1.41497>
"
1646959800.339659,"<X28.19728Y28.19728>
"
1646959800.445246,"<X55.29077Y55.29077>
"
1646959800.547061,"<X77.44529Y77.44529>
"
1646959800.647765,"<X92.68185Y92.68185>
"
1646959800.753699,"<X99.63942Y99.63942>
"
1646959800.8592231,"<X97.6965Y97.6965>
"
1646959800.965112,"<X87.02664Y87.02664>
"
1646959801.0662231,"<X68.58295Y68.58295>
"
1646959801.171523,"<X44.01295Y44.01295>
"
1646959801.277313,"<X15.5114Y15.5114>
"
1646959801.382348,"<X-14.37573Y-14.37573>
"
1646959801.488193,"<X-42.97872Y-42.97872>
"
1646959801.5939982,"<X-67.74255Y-67.74255>
"
1646959801.699847,"<X-86.45514Y-86.45514>
"
1646959801.800854,"<X-97.44495Y-97.44495>
"
1646959801.9036002,"<X-99.7303Y-99.7303>
"
1646959802.005451,"<X-93.10703Y-93.10703>
"
1646959802.1068878,"<X-78.16679Y-78.16679>
"
1646959802.209406,"<X-56.24414Y-56.24414>
"
1646959802.3152819,"<X-29.29737Y-29.29737>
"
1646959802.421122,"<X0.26645Y0.26645>
"
1646959802.5223548,"<X29.80646Y29.80646>
"
1646959802.6261718,"<X56.68395Y56.68395>
"
1646959802.729511,"<X78.49804Y78.49804>
"
1646959802.831861,"<X93.30013Y93.30013>
"
1646959802.937047,"<X99.76799Y99.76799>
"
1646959803.038004,"<X97.32388Y97.32388>
"
1646959803.141136,"<X86.18612Y86.18612>
"
1646959803.243457,"<X67.3496Y67.3496>
"
1646959803.347307,"<X42.49695Y42.49695>
"
1646959803.452509,"<X13.84817Y13.84817>
"
1646959803.5576808,"<X-16.03762Y-16.03762>
"
1646959803.658987,"<X-44.49083Y-44.49083>
"
1646959803.759884,"<X-68.96979Y-68.96979>
"
1646959803.862648,"<X-87.2879Y-87.2879>
"
1646959803.9678469,"<X-97.80883Y-97.80883>
"
1646959804.073737,"<X-99.59279Y-99.59279>
"
1646959804.1775098,"<X-92.48043Y-92.48043>
"
1646959804.278929,"<X-77.10706Y-77.10706>
"
1646959804.38414,"<X-54.84595Y-54.84595>
"
1646959804.4866948,"<X-27.68562Y-27.68562>
"
1646959804.59185,"<X1.94779Y1.94779>
"
1646959804.696979,"<X31.40721Y31.40721>
"
1646959804.8007748,"<X58.06112Y58.06112>
"
1646959804.902499,"<X79.5286Y79.5286>
"
1646959805.003403,"<X93.89202Y93.89202>
"
1646959805.108156,"<X99.86836Y99.86836>
"
1646959805.213286,"<X96.92375Y96.92375>
"
1646959805.318435,"<X85.32122Y85.32122>
"
1646959805.4208362,"<X66.09721Y66.09721>
"
1646959805.523942,"<X40.96893Y40.96893>
"
1646959805.629013,"<X12.18102Y12.18102>
"
1646959805.72976,"<X-17.69498Y-17.69498>
"
1646959805.8319528,"<X-45.99035Y-45.99035>
"
1646959805.934447,"<X-70.17753Y-70.17753>
"
1646959806.0391,"<X-88.09597Y-88.09597>
"
1646959806.142046,"<X-98.14505Y-98.14505>
"
1646959806.244908,"<X-99.42713Y-99.42713>
"
1646959806.350197,"<X-91.82768Y-91.82768>
"
1646959806.4552991,"<X-76.02554Y-76.02554>
"
1646959806.560499,"<X-53.43226Y-53.43226>
"
1646959806.664066,"<X-26.06604Y-26.06604>
"
1646959806.7675982,"<X3.62859Y3.62859>
"
1646959806.8686662,"<X32.99908Y32.99908>
"
1646959806.973957,"<X59.42187Y59.42187>
"
1646959807.077722,"<X80.53667Y80.53667>
"
1646959807.180265,"<X94.45738Y94.45738>
"
1646959807.2853131,"<X99.94048Y99.94048>
"
1646959807.3868082,"<X96.49621Y96.49621>
"
1646959807.488532,"<X84.43221Y84.43221>
"
1646959807.593677,"<X64.82614Y64.82614>
"
1646959807.698817,"<X39.42934Y39.42934>
"
1646959807.8009212,"<X10.51043Y10.51043>
"
1646959807.904215,"<X-19.34734Y-19.34734>
"
1646959808.0050611,"<X-47.47687Y-47.47687>
"
1646959808.1104078,"<X-71.36543Y-71.36543>
"
1646959808.215476,"<X-88.87913Y-88.87913>
"
1646959808.3213272,"<X-98.45353Y-98.45353>
"
1646959808.422064,"<X-99.23336Y-99.23336>
"
1646959808.5278091,"<X-91.14897Y-91.14897>
"
1646959808.632342,"<X-74.92252Y-74.92252>
"
1646959808.735548,"<X-52.00346Y-52.00346>
"
1646959808.841558,"<X-24.43909Y-24.43909>
"
1646959808.945726,"<X5.30836Y5.30836>
"
1646959809.0502021,"<X34.58162Y34.58162>
"
1646959809.155931,"<X60.76581Y60.76581>
"
1646959809.261777,"<X81.52198Y81.52198>
"
1646959809.36768,"<X94.99602Y94.99602>
"
1646959809.473517,"<X99.98436Y99.98436>
"
1646959809.579297,"<X96.04139Y96.04139>
"
1646959809.685109,"<X83.51933Y83.51933>
"
1646959809.789195,"<X63.53673Y63.53673>
"
1646959809.889825,"<X37.87859Y37.87859>
"
1646959809.993873,"<X8.83687Y8.83687>
"
1646959810.096941,"<X-20.99423Y-20.99423>
"
1646959810.201198,"<X-48.94997Y-48.94997>
"
1646959810.3061361,"<X-72.53315Y-72.53315>
"
1646959810.408638,"<X-89.63717Y-89.63717>
"
1646959810.511353,"<X-98.73417Y-98.73417>
"
1646959810.61743,"<X-99.01153Y-99.01153>
"
1646959810.7232692,"<X-90.44449Y-90.44449>
"
1646959810.82909,"<X-73.79832Y-73.79832>
"
1646959810.9342139,"<X-50.55996Y-50.55996>
"
1646959811.0383801,"<X-22.80523Y-22.80523>
"
1646959811.139107,"<X6.98663Y6.98663>
"
1646959811.2449138,"<X36.15439Y36.15439>
"
1646959811.350778,"<X62.09258Y62.09258>
"
1646959811.456543,"<X82.48423Y82.48423>
"
1646959811.562324,"<X95.50781Y95.50781>
"
1646959811.664174,"<X99.99996Y99.99996>
"
1646959811.76977,"<X95.55941Y95.55941>
"
1646959811.873578,"<X82.58283Y82.58283>
"
1646959811.975944,"<X62.22936Y62.22936>
"
1646959812.0783098,"<X36.31714Y36.31714>
"
1646959812.180749,"<X7.16081Y7.16081>
"
1646959812.283489,"<X-22.63518Y-22.63518>
"
1646959812.388056,"<X-50.40923Y-50.40923>
"
1646959812.493783,"<X-73.68037Y-73.68037>
"
1646959812.5995672,"<X-90.36987Y-90.36987>
"
1646959812.70534,"<X-98.98689Y-98.98689>
"
1646959812.811327,"<X-98.76171Y-98.76171>
"
1646959812.914125,"<X-89.71444Y-89.71444>
"
1646959813.018162,"<X-72.65325Y-72.65325>
"
1646959813.1239018,"<X-49.10216Y-49.10216>
"
1646959813.229748,"<X-21.16492Y-21.16492>
"
1646959813.335524,"<X8.66292Y8.66292>
"
1646959813.4413178,"<X37.71693Y37.71693>
"
1646959813.5471842,"<X63.40179Y63.40179>
"
1646959813.653027,"<X83.42317Y83.42317>
"
1646959813.757866,"<X95.9926Y95.9926>
"
1646959813.8637528,"<X99.98729Y99.98729>
"
1646959813.9696991,"<X95.05042Y95.05042>
"
1646959814.075563,"<X81.62298Y81.62298>
"
1646959814.1814022,"<X60.9044Y60.9044>
"
1646959814.2871969,"<X34.74541Y34.74541>
"
1646959814.392985,"<X5.48272Y5.48272>
"
1646959814.4988182,"<X-24.26973Y-24.26973>
"
1646959814.601086,"<X-51.85423Y-51.85423>
"
1646959814.706944,"<X-74.80675Y-74.80675>
"
1646959814.8127801,"<X-91.07701Y-91.07701>
"
1646959814.9142241,"<X-99.21163Y-99.21163>
"
1646959815.0153651,"<X-98.48397Y-98.48397>
"
1646959815.121257,"<X-88.95903Y-88.95903>
"
1646959815.2271,"<X-71.48764Y-71.48764>
"
1646959815.3290439,"<X-47.63048Y-47.63048>
"
1646959815.4303832,"<X-19.51863Y-19.51863>
"
1646959815.532419,"<X10.33677Y10.33677>
"
1646959815.6383371,"<X39.26881Y39.26881>
"
1646959815.744129,"<X64.69308Y64.69308>
"
1646959815.849921,"<X84.33852Y84.33852>
"
1646959815.955762,"<X96.45024Y96.45024>
"
1646959816.061127,"<X99.94636Y99.94636>
"
1646959816.1632352,"<X94.51456Y94.51456>
"
1646959816.266062,"<X80.64006Y80.64006>
"
1646959816.3685088,"<X59.56222Y59.56222>
"
1646959816.469552,"<X33.16387Y33.16387>
"
1646959816.574733,"<X3.80309Y3.80309>
"
1646959816.679861,"<X-25.89742Y-25.89742>
"
1646959816.7849789,"<X-53.28458Y-53.28458>
"
1646959816.890105,"<X-75.91199Y-75.91199>
"
1646959816.99387,"<X-91.7584Y-91.7584>
"
1646959817.09621,"<X-99.40832Y-99.40832>
"
1646959817.201049,"<X-98.17838Y-98.17838>
"
1646959817.303137,"<X-88.17846Y-88.17846>
"
1646959817.408692,"<X-70.30182Y-70.30182>
"
1646959817.511303,"<X-46.14533Y-46.14533>
"
1646959817.617594,"<X-17.86682Y-17.86682>
"
1646959817.723503,"<X12.00769Y12.00769>
"
1646959817.82707,"<X40.80958Y40.80958>
"
1646959817.928638,"<X65.96608Y65.96608>
"
1646959818.029592,"<X85.23002Y85.23002>
"
1646959818.135345,"<X96.88062Y96.88062>
"
1646959818.236059,"<X99.87716Y99.87716>
"
1646959818.339812,"<X93.95197Y93.95197>
"
1646959818.442781,"<X79.63434Y79.63434>
"
1646959818.547568,"<X58.2032Y58.2032>
"
1646959818.653456,"<X31.57295Y31.57295>
"
1646959818.759302,"<X2.12237Y2.12237>
"
1646959818.865101,"<X-27.51778Y-27.51778>
"
1646959818.970904,"<X-54.69986Y-54.69986>
"
1646959819.075937,"<X-76.99576Y-76.99576>
"
1646959819.181866,"<X-92.41386Y-92.41386>
"
1646959819.287691,"<X-99.5769Y-99.5769>
"
1646959819.393641,"<X-97.84504Y-97.84504>
"
1646959819.499509,"<X-87.37297Y-87.37297>
"
1646959819.6011689,"<X-69.09613Y-69.09613>
"
1646959819.705119,"<X-44.64714Y-44.64714>
"
1646959819.810764,"<X-16.20996Y-16.20996>
"
1646959819.916298,"<X13.67521Y13.67521>
"
1646959820.0185652,"<X42.33882Y42.33882>
"
1646959820.1212769,"<X67.22042Y67.22042>
"
1646959820.227145,"<X86.09743Y86.09743>
"
1646959820.333139,"<X97.28361Y97.28361>
"
1646959820.4353359,"<X99.77973Y99.77973>
"
1646959820.540428,"<X93.36282Y93.36282>
"
1646959820.646257,"<X78.6061Y78.6061>
"
1646959820.752081,"<X56.82772Y56.82772>
"
1646959820.857988,"<X29.9731Y29.9731>
"
1646959820.961109,"<X0.44106Y0.44106>
"
1646959821.065621,"<X-29.13037Y-29.13037>
"
1646959821.171417,"<X-56.09967Y-56.09967>
"
1646959821.27728,"<X-78.05776Y-78.05776>
"
1646959821.3798988,"<X-93.04318Y-93.04318>
"
1646959821.485842,"<X-99.71733Y-99.71733>
"
1646959821.5916312,"<X-97.48403Y-97.48403>
"
1646959821.697464,"<X-86.54277Y-86.54277>
"
1646959821.8006022,"<X-67.8709Y-67.8709>
"
1646959821.9065511,"<X-43.13632Y-43.13632>
"
1646959822.011755,"<X-14.54851Y-14.54851>
"
1646959822.113277,"<X15.33888Y15.33888>
"
1646959822.215604,"<X43.85609Y43.85609>
"
1646959822.318149,"<X68.45577Y68.45577>
"
1646959822.4204202,"<X86.94049Y86.94049>
"
1646959822.5218391,"<X97.65909Y97.65909>
"
1646959822.625354,"<X99.65408Y99.65408>
"
1646959822.727725,"<X92.74728Y92.74728>
"
1646959822.8301592,"<X77.55564Y77.55564>
"
1646959822.93254,"<X55.43618Y55.43618>
"
1646959823.033837,"<X28.36477Y28.36477>
"
1646959823.134654,"<X-1.24037Y-1.24037>
"
1646959823.238037,"<X-30.73472Y-30.73472>
"
1646959823.342596,"<X-57.48363Y-57.48363>
"
1646959823.444639,"<X-79.09769Y-79.09769>
"
1646959823.547029,"<X-93.6462Y-93.6462>
"
1646959823.649342,"<X-99.82957Y-99.82957>
"
1646959823.750465,"<X-97.09546Y-97.09546>
"
1646959823.8526359,"<X-85.6881Y-85.6881>
"
1646959823.9549491,"<X-66.62648Y-66.62648>
"
1646959824.0590348,"<X-41.61331Y-41.61331>
"
1646959824.163868,"<X-12.88295Y-12.88295>
"
1646959824.26993,"<X16.9982Y16.9982>
"
1646959824.375783,"<X45.36096Y45.36096>
"
1646959824.4774778,"<X69.67175Y69.67175>
"
1646959824.580898,"<X87.75898Y87.75898>
"
1646959824.6867552,"<X98.00696Y98.00696>
"
1646959824.79116,"<X99.50027Y99.50027>
"
1646959824.897072,"<X92.10551Y92.10551>
"
1646959825.001203,"<X76.48325Y76.48325>
"
1646959825.1033542,"<X54.02896Y54.02896>
"
1646959825.209153,"<X26.74843Y26.74843>
"
1646959825.311336,"<X-2.92146Y-2.92146>
"
1646959825.4143941,"<X-32.33038Y-32.33038>
"
1646959825.520155,"<X-58.85133Y-58.85133>
"
1646959825.625925,"<X-80.11526Y-80.11526>
"
1646959825.731773,"<X-94.22274Y-94.22274>
"
1646959825.837648,"<X-99.91358Y-99.91358>
"
1646959825.940116,"<X-96.67943Y-96.67943>
"
1646959826.045921,"<X-84.8092Y-84.8092>
"
1646959826.1517282,"<X-65.36322Y-65.36322>
"
1646959826.254451,"<X-40.07854Y-40.07854>
"
1646959826.356233,"<X-11.21375Y-11.21375>
"
1646959826.4611142,"<X18.65272Y18.65272>
"
1646959826.567212,"<X46.853Y46.853>
"
1646959826.673023,"<X70.86804Y70.86804>
"
1646959826.7788181,"<X88.55265Y88.55265>
"
1646959826.881048,"<X98.32712Y98.32712>
"
1646959826.9819698,"<X99.31832Y99.31832>
"
1646959827.087737,"<X91.4377Y91.4377>
"
1646959827.193655,"<X75.38924Y75.38924>
"
1646959827.29953,"<X52.60647Y52.60647>
"
1646959827.400637,"<X25.12453Y25.12453>
"
1646959827.505756,"<X-4.60172Y-4.60172>
"
1646959827.611577,"<X-33.9169Y-33.9169>
"
1646959827.71744,"<X-60.20239Y-60.20239>
"
1646959827.818505,"<X-81.11018Y-81.11018>
"
1646959827.9243782,"<X-94.77264Y-94.77264>
"
1646959828.027401,"<X-99.96934Y-99.96934>
"
1646959828.132127,"<X-96.23608Y-96.23608>
"
1646959828.23582,"<X-83.90633Y-83.90633>
"
1646959828.3394969,"<X-64.08148Y-64.08148>
"
1646959828.445267,"<X-38.53243Y-38.53243>
"
1646959828.551069,"<X-9.54138Y-9.54138>
"
1646959828.656929,"<X20.30196Y20.30196>
"
1646959828.758552,"<X48.3318Y48.3318>
"
1646959828.864453,"<X72.04429Y72.04429>
"
1646959828.9671822,"<X89.32129Y89.32129>
"
1646959829.071095,"<X98.61948Y98.61948>
"
1646959829.173228,"<X99.10829Y99.10829>
"
1646959829.279078,"<X90.74404Y90.74404>
"
1646959829.3836942,"<X74.27391Y74.27391>
"
1646959829.4844868,"<X51.1691Y51.1691>
"
1646959829.588435,"<X23.49352Y23.49352>
"
1646959829.690861,"<X-6.28068Y-6.28068>
"
1646959829.795451,"<X-35.49384Y-35.49384>
"
1646959829.901223,"<X-61.53644Y-61.53644>
"
1646959830.00402,"<X-82.08217Y-82.08217>
"
1646959830.105254,"<X-95.29575Y-95.29575>
"
1646959830.211133,"<X-99.99684Y-99.99684>
"
1646959830.3169239,"<X-95.76551Y-95.76551>
"
1646959830.422739,"<X-82.97974Y-82.97974>
"
1646959830.524052,"<X-62.78163Y-62.78163>
"
1646959830.625032,"<X-36.97543Y-36.97543>
"
1646959830.730967,"<X-7.86632Y-7.86632>
"
1646959830.836757,"<X21.94547Y21.94547>
"
1646959830.942564,"<X49.79693Y49.79693>
"
1646959831.0484202,"<X73.20018Y73.20018>
"
1646959831.154303,"<X90.06467Y90.06467>
"
1646959831.2565382,"<X98.88396Y98.88396>
"
1646959831.3593369,"<X98.87024Y98.87024>
"
1646959831.465307,"<X90.02473Y90.02473>
"
1646959831.571025,"<X73.13758Y73.13758>
"
1646959831.677016,"<X49.71727Y49.71727>
"
1646959831.782787,"<X21.85587Y21.85587>
"
1646959831.8885949,"<X-7.95786Y-7.95786>
"
1646959831.989436,"<X-37.06073Y-37.06073>
"
1646959832.09537,"<X-62.85308Y-62.85308>
"
1646959832.201219,"<X-83.03095Y-83.03095>
"
1646959832.307078,"<X-95.79191Y-95.79191>
"
1646959832.4130518,"<X-99.99607Y-99.99607>
"
1646959832.518875,"<X-95.26787Y-95.26787>
"
1646959832.623018,"<X-82.02968Y-82.02968>
"
1646959832.7263942,"<X-61.46403Y-61.46403>
"
1646959832.8282082,"<X-35.40797Y-35.40797>
"
1646959832.934091,"<X-6.18903Y-6.18903>
"
1646959833.038929,"<X23.58277Y23.58277>
"
1646959833.140865,"<X51.24798Y51.24798>
"
1646959833.2416892,"<X74.33536Y74.33536>
"
1646959833.344018,"<X90.78259Y90.78259>
"
1646959833.449962,"<X99.12048Y99.12048>
"
1646959833.555765,"<X98.60423Y98.60423>
"
1646959833.661576,"<X89.27996Y89.27996>
"
1646959833.7673779,"<X71.98058Y71.98058>
"
1646959833.873177,"<X48.25138Y48.25138>
"
1646959833.978454,"<X20.21204Y20.21204>
"
1646959834.084515,"<X-9.63279Y-9.63279>
"
1646959834.1903648,"<X-38.61715Y-38.61715>
"
1646959834.296222,"<X-64.15196Y-64.15196>
"
1646959834.4013162,"<X-83.95626Y-83.95626>
"
1646959834.503772,"<X-96.26099Y-96.26099>
"
1646959834.606016,"<X-99.96703Y-99.96703>
"
1646959834.708459,"<X-94.7433Y-94.7433>
"
1646959834.8110878,"<X-81.05644Y-81.05644>
"
1646959834.9135349,"<X-60.12904Y-60.12904>
"
1646959835.018197,"<X-33.8305Y-33.8305>
"
1646959835.130281,"<X-4.50998Y-4.50998>
"
1646959835.235899,"<X25.2134Y25.2134>
"
1646959835.340595,"<X52.68454Y52.68454>
"
1646959835.444941,"<X75.44954Y75.44954>
"
1646959835.545832,"<X91.47484Y91.47484>
"
1646959835.651844,"<X99.32898Y99.32898>
"
1646959835.753063,"<X98.31035Y98.31035>
"
1646959835.859103,"<X88.50995Y88.50995>
"
1646959835.964944,"<X70.80322Y70.80322>
"
1646959836.070799,"<X46.77185Y46.77185>
"
1646959836.175493,"<X18.56249Y18.56249>
"
1646959836.280406,"<X-11.305Y-11.305>
"
1646959836.386328,"<X-40.16265Y-40.16265>
"
1646959836.4922082,"<X-65.43269Y-65.43269>
"
1646959836.598089,"<X-84.85782Y-84.85782>
"
1646959836.7015538,"<X-96.70286Y-96.70286>
"
1646959836.8025558,"<X-99.90972Y-99.90972>
"
1646959836.907865,"<X-94.19194Y-94.19194>
"
1646959837.009307,"<X-80.06027Y-80.06027>
"
1646959837.1133509,"<X-58.77706Y-58.77706>
"
1646959837.2192068,"<X-32.24347Y-32.24347>
"
1646959837.3250098,"<X-2.82967Y-2.82967>
"
1646959837.430872,"<X26.8369Y26.8369>
"
1646959837.536594,"<X54.10621Y54.10621>
"
1646959837.642536,"<X76.54238Y76.54238>
"
1646959837.744798,"<X92.14124Y92.14124>
"
1646959837.8508759,"<X99.50939Y99.50939>
"
1646959837.9567318,"<X97.98867Y97.98867>
"
1646959838.060854,"<X87.71492Y87.71492>
"
1646959838.164598,"<X69.60585Y69.60585>
"
1646959838.26598,"<X45.2791Y45.2791>
"
1646959838.371844,"<X16.9077Y16.9077>
"
1646959838.477744,"<X-12.97401Y-12.97401>
"
1646959838.58248,"<X-41.6968Y-41.6968>
"
1646959838.6883662,"<X-66.69493Y-66.69493>
"
1646959838.789541,"<X-85.7354Y-85.7354>
"
1646959838.890805,"<X-97.11739Y-97.11739>
"
1646959838.991759,"<X-99.82416Y-99.82416>
"
1646959839.094621,"<X-93.61395Y-93.61395>
"
1646959839.200587,"<X-79.04147Y-79.04147>
"
1646959839.3013928,"<X-57.40846Y-57.40846>
"
1646959839.407288,"<X-30.64732Y-30.64732>
"
1646959839.5088902,"<X-1.14855Y-1.14855>
"
1646959839.614729,"<X28.45282Y28.45282>
"
1646959839.719331,"<X55.51258Y55.51258>
"
1646959839.825248,"<X77.61357Y77.61357>
"
1646959839.926188,"<X92.78157Y92.78157>
"
1646959840.032217,"<X99.66167Y99.66167>
"
1646959840.135506,"<X97.63929Y97.63929>
"
1646959840.238196,"<X86.89508Y86.89508>
"
1646959840.340418,"<X68.3888Y68.3888>
"
1646959840.442772,"<X43.77354Y43.77354>
"
1646959840.5435772,"<X15.24813Y15.24813>
"
1646959840.647855,"<X-14.63936Y-14.63936>
"
1646959840.75022,"<X-43.21915Y-43.21915>
"
1646959840.852672,"<X-67.93831Y-67.93831>
"
1646959840.954806,"<X-86.58874Y-86.58874>
"
1646959841.057825,"<X-97.50445Y-97.50445>
"
1646959841.159644,"<X-99.71039Y-99.71039>
"
1646959841.261496,"<X-93.00949Y-93.00949>
"
1646959841.364672,"<X-78.00033Y-78.00033>
"
1646959841.467468,"<X-56.02363Y-56.02363>
"
1646959841.568351,"<X-29.04251Y-29.04251>
"
1646959841.671852,"<X0.53289Y0.53289>
"
1646959841.777667,"<X30.06069Y30.06069>
"
1646959841.883532,"<X56.90326Y56.90326>
"
1646959841.989416,"<X78.66283Y78.66283>
"
1646959842.0926201,"<X93.39568Y93.39568>
"
1646959842.1986291,"<X99.78578Y99.78578>
"
1646959842.301513,"<X97.26231Y97.26231>
"
1646959842.407323,"<X86.05068Y86.05068>
"
1646959842.5131361,"<X67.15241Y67.15241>
"
1646959842.61501,"<X42.25561Y42.25561>
"
1646959842.720897,"<X13.58424Y13.58424>
"
1646959842.8267121,"<X-16.30057Y-16.30057>
"
1646959842.932571,"<X-44.72929Y-44.72929>
"
1646959843.037014,"<X-69.16248Y-69.16248>
"
1646959843.1412458,"<X-87.4176Y-87.4176>
"
1646959843.2441049,"<X-97.86396Y-97.86396>
"
1646959843.348861,"<X-99.56842Y-99.56842>
"
1646959843.454747,"<X-92.37873Y-92.37873>
"
1646959843.5573351,"<X-76.93713Y-76.93713>
"
1646959843.6632488,"<X-54.62296Y-54.62296>
"
1646959843.769374,"<X-27.42949Y-27.42949>
"
1646959843.875221,"<X2.21418Y2.21418>
"
1646959843.976662,"<X31.66006Y31.66006>
"
1646959844.0813298,"<X58.27785Y58.27785>
"
1646959844.18517,"<X79.68984Y79.68984>
"
1646959844.2895732,"<X93.98338Y93.98338>
"
1646959844.3954308,"<X99.88167Y99.88167>
"
1646959844.5013819,"<X96.85782Y96.85782>
"
1646959844.60723,"<X85.18195Y85.18195>
"
1646959844.713026,"<X65.89703Y65.89703>
"
1646959844.818857,"<X40.72573Y40.72573>
"
1646959844.920918,"<X11.91652Y11.91652>
"
1646959845.0221272,"<X-17.95716Y-17.95716>
"
1646959845.1241221,"<X-46.22678Y-46.22678>
"
1646959845.229116,"<X-70.3671Y-70.3671>
"
1646959845.3350132,"<X-88.22174Y-88.22174>
"
1646959845.4366531,"<X-98.19579Y-98.19579>
"
1646959845.539639,"<X-99.3983Y-99.3983>
"
1646959845.640497,"<X-91.72186Y-91.72186>
"
1646959845.746027,"<X-75.85218Y-75.85218>
"
1646959845.85182,"<X-53.20685Y-53.20685>
"
1646959845.9578052,"<X-25.80871Y-25.80871>
"
1646959846.0613818,"<X3.89485Y3.89485>
"
1646959846.166683,"<X33.25049Y33.25049>
"
1646959846.272553,"<X59.63596Y59.63596>
"
1646959846.3783832,"<X80.69433Y80.69433>
"
1646959846.484223,"<X94.54452Y94.54452>
"
1646959846.5850089,"<X99.94932Y99.94932>
"
1646959846.689109,"<X96.42595Y96.42595>
"
1646959846.794795,"<X84.28914Y84.28914>
"
1646959846.900725,"<X64.62303Y64.62303>
"
1646959847.001586,"<X39.18434Y39.18434>
"
1646959847.107469,"<X10.24542Y10.24542>
"
1646959847.2085278,"<X-19.60868Y-19.60868>
"
1646959847.3142679,"<X-47.7112Y-47.7112>
"
1646959847.420296,"<X-71.55183Y-71.55183>
"
1646959847.5262258,"<X-89.00093Y-89.00093>
"
1646959847.632069,"<X-98.49986Y-98.49986>
"
1646959847.736211,"<X-99.20008Y-99.20008>
"
1646959847.842189,"<X-91.03905Y-91.03905>
"
1646959847.948045,"<X-74.74578Y-74.74578>
"
1646959848.051554,"<X-51.77569Y-51.77569>
"
1646959848.152333,"<X-24.18063Y-24.18063>
"
1646959848.254385,"<X5.57441Y5.57441>
"
1646959848.360279,"<X34.83151Y34.83151>
"
1646959848.4660811,"<X60.97721Y60.97721>
"
1646959848.571688,"<X81.676Y81.676>
"
1646959848.677597,"<X95.07892Y95.07892>
"
1646959848.783457,"<X99.98872Y99.98872>
"
1646959848.8884952,"<X95.96682Y95.96682>
"
1646959848.9896371,"<X83.3725Y83.3725>
"
1646959849.095051,"<X63.33075Y63.33075>
"
1646959849.200165,"<X37.63186Y37.63186>
"
1646959849.301636,"<X8.57143Y8.57143>
"
1646959849.406751,"<X-21.25466Y-21.25466>
"
1646959849.51119,"<X-49.18214Y-49.18214>
"
1646959849.612349,"<X-72.71632Y-72.71632>
"
1646959849.713523,"<X-89.75497Y-89.75497>
"
1646959849.814689,"<X-98.77608Y-98.77608>
"
1646959849.920585,"<X-98.97381Y-98.97381>
"
1646959850.0240152,"<X-90.33051Y-90.33051>
"
1646959850.128535,"<X-73.61825Y-73.61825>
"
1646959850.234448,"<X-50.3299Y-50.3299>
"
1646959850.3379142,"<X-22.54572Y-22.54572>
"
1646959850.4438028,"<X7.2524Y7.2524>
"
1646959850.544532,"<X36.40268Y36.40268>
"
1646959850.650358,"<X62.30122Y62.30122>
"
1646959850.752661,"<X82.63458Y82.63458>
"
1646959850.859781,"<X95.58643Y95.58643>
"
1646959850.965638,"<X99.99984Y99.99984>
"
1646959851.0714822,"<X95.48056Y95.48056>
"
1646959851.174867,"<X82.43228Y82.43228>
"
1646959851.280695,"<X62.02057Y62.02057>
"
1646959851.386537,"<X36.06875Y36.06875>
"
1646959851.492414,"<X6.89502Y6.89502>
"
1646959851.597088,"<X-22.89463Y-22.89463>
"
1646959851.701666,"<X-50.63916Y-50.63916>
"
1646959851.8075259,"<X-73.86025Y-73.86025>
"
1646959851.911327,"<X-90.48363Y-90.48363>
"
1646959852.012169,"<X-99.02437Y-99.02437>
"
1646959852.113222,"<X-98.71956Y-98.71956>
"
1646959852.2163122,"<X-89.59643Y-89.59643>
"
1646959852.3209689,"<X-72.46991Y-72.46991>
"
1646959852.423336,"<X-48.86987Y-48.86987>
"
1646959852.526155,"<X-20.90443Y-20.90443>
"
1646959852.628118,"<X8.92834Y8.92834>
"
1646959852.7306082,"<X37.96356Y37.96356>
"
1646959852.8333309,"<X63.60762Y63.60762>
"
1646959852.93588,"<X83.56979Y83.56979>
"
1646959853.0388439,"<X96.06693Y96.06693>
"
1646959853.140073,"<X99.98269Y99.98269>
"
1646959853.2450838,"<X94.9673Y94.9673>
"
1646959853.3510778,"<X81.46876Y81.46876>
"
1646959853.4571462,"<X60.69286Y60.69286>
"
1646959853.558475,"<X34.49544Y34.49544>
"
1646959853.664456,"<X5.21666Y5.21666>
"
1646959853.766112,"<X-24.52812Y-24.52812>
"
1646959853.8719869,"<X-52.08187Y-52.08187>
"
1646959853.9778602,"<X-74.98331Y-74.98331>
"
1646959854.0835168,"<X-91.18671Y-91.18671>
"
1646959854.185329,"<X-99.24467Y-99.24467>
"
1646959854.2897458,"<X-98.4374Y-98.4374>
"
1646959854.395655,"<X-88.83701Y-88.83701>
"
1646959854.4996748,"<X-71.30108Y-71.30108>
"
1646959854.601467,"<X-47.39603Y-47.39603>
"
1646959854.707435,"<X-19.25724Y-19.25724>
"
1646959854.8133702,"<X10.60175Y10.60175>
"
1646959854.914766,"<X39.51371Y39.51371>
"
1646959855.0190039,"<X64.89603Y64.89603>
"
1646959855.119999,"<X84.48138Y84.48138>
"
1646959855.225939,"<X96.52026Y96.52026>
"
1646959855.327011,"<X99.93728Y99.93728>
"
1646959855.432466,"<X94.42719Y94.42719>
"
1646959855.5383182,"<X80.4822Y80.4822>
"
1646959855.644164,"<X59.34798Y59.34798>
"
1646959855.746044,"<X32.91238Y32.91238>
"
1646959855.853139,"<X3.53682Y3.53682>
"
1646959855.954644,"<X-26.15468Y-26.15468>
"
1646959856.057659,"<X-53.50986Y-53.50986>
"
1646959856.1601238,"<X-76.08516Y-76.08516>
"
1646959856.2621639,"<X-91.864Y-91.864>
"
1646959856.368095,"<X-99.43691Y-99.43691>
"
1646959856.4712949,"<X-98.12741Y-98.12741>
"
1646959856.577247,"<X-88.05248Y-88.05248>
"
1646959856.683187,"<X-70.11208Y-70.11208>
"
1646959856.7891278,"<X-45.90879Y-45.90879>
"
1646959856.8950322,"<X-17.60459Y-17.60459>
"
1646959856.997789,"<X12.27216Y12.27216>
"
1646959857.101722,"<X41.05269Y41.05269>
"
1646959857.207607,"<X66.1661Y66.1661>
"
1646959857.309827,"<X85.36908Y85.36908>
"
1646959857.4148018,"<X96.94631Y96.94631>
"
1646959857.5182028,"<X99.8636Y99.8636>
"
1646959857.619231,"<X93.86038Y93.86038>
"
1646959857.7251892,"<X79.47289Y79.47289>
"
1646959857.8310468,"<X57.98633Y57.98633>
"
1646959857.936893,"<X31.32002Y31.32002>
"
1646959858.041547,"<X1.85598Y1.85598>
"
1646959858.1435552,"<X-27.77385Y-27.77385>
"
1646959858.248621,"<X-54.92272Y-54.92272>
"
1646959858.3519628,"<X-77.1655Y-77.1655>
"
1646959858.457126,"<X-92.51533Y-92.51533>
"
1646959858.562252,"<X-99.60103Y-99.60103>
"
1646959858.664795,"<X-97.78967Y-97.78967>
"
1646959858.76991,"<X-87.24305Y-87.24305>
"
1646959858.874861,"<X-68.90327Y-68.90327>
"
1646959858.976846,"<X-44.40857Y-44.40857>
"
1646959859.07923,"<X-15.94698Y-15.94698>
"
1646959859.18174,"<X13.93911Y13.93911>
"
1646959859.284124,"<X42.58006Y42.58006>
"
1646959859.386528,"<X67.41745Y67.41745>
"
1646959859.4888802,"<X86.23265Y86.23265>
"
1646959859.590286,"<X97.34494Y97.34494>
"
1646959859.691554,"<X99.7617Y99.7617>
"
1646959859.79643,"<X93.26704Y93.26704>
"
1646959859.901698,"<X78.44112Y78.44112>
"
1646959860.0025759,"<X56.60828Y56.60828>
"
1646959860.103376,"<X29.71879Y29.71879>
"
1646959860.205743,"<X0.17462Y0.17462>
"
1646959860.308096,"<X-29.38516Y-29.38516>
"
1646959860.410524,"<X-56.32004Y-56.32004>
"
1646959860.5164301,"<X-78.22403Y-78.22403>
"
1646959860.618069,"<X-93.14049Y-93.14049>
"
1646959860.723917,"<X-99.73699Y-99.73699>
"
1646959860.82777,"<X-97.42429Y-97.42429>
"
1646959860.932757,"<X-86.40896Y-86.40896>
"
1646959861.038808,"<X-67.67498Y-67.67498>
"
1646959861.140512,"<X-42.89579Y-42.89579>
"
1646959861.246447,"<X-14.28485Y-14.28485>
"
1646959861.352464,"<X15.60211Y15.60211>
"
1646959861.4552672,"<X44.09539Y44.09539>
"
1646959861.561252,"<X68.64975Y68.64975>
"
1646959861.664858,"<X87.07184Y87.07184>
"
1646959861.77073,"<X97.71605Y97.71605>
"
1646959861.873426,"<X99.63159Y99.63159>
"
1646959861.979362,"<X92.64733Y92.64733>
"
1646959862.085214,"<X77.38716Y77.38716>
"
1646959862.189787,"<X55.21423Y55.21423>
"
1646959862.295636,"<X28.10917Y28.10917>
"
1646959862.401443,"<X-1.5068Y-1.5068>
"
1646959862.507329,"<X-30.98816Y-30.98816>
"
1646959862.61317,"<X-57.70145Y-57.70145>
"
1646959862.7190368,"<X-79.26044Y-79.26044>
"
1646959862.824893,"<X-93.73933Y-93.73933>
"
1646959862.9307609,"<X-99.84476Y-99.84476>
"
1646959863.032643,"<X-97.03136Y-97.03136>
"
1646959863.136779,"<X-85.55044Y-85.55044>
"
1646959863.241751,"<X-66.42755Y-66.42755>
"
1646959863.347637,"<X-41.37088Y-41.37088>
"
1646959863.45353,"<X-12.61868Y-12.61868>
"
1646959863.55937,"<X17.26071Y17.26071>
"
1646959863.664413,"<X45.59825Y45.59825>
"
1646959863.7672489,"<X69.86264Y69.86264>
"
1646959863.871522,"<X87.88641Y87.88641>
"
1646959863.976524,"<X98.05954Y98.05954>
"
1646959864.081425,"<X99.47331Y99.47331>
"
1646959864.187286,"<X92.00142Y92.00142>
"
1646959864.293046,"<X76.31132Y76.31132>
"
1646959864.398826,"<X53.80456Y53.80456>
"
1646959864.501726,"<X26.4916Y26.4916>
"
1646959864.607519,"<X-3.18778Y-3.18778>
"
1646959864.711232,"<X-32.58241Y-32.58241>
"
1646959864.813617,"<X-59.06654Y-59.06654>
"
1646959864.9148932,"<X-80.27444Y-80.27444>
"
1646959865.016033,"<X-94.31166Y-94.31166>
"
1646959865.120847,"<X-99.9243Y-99.9243>
"
1646959865.223237,"<X-96.611Y-96.611>
"
1646959865.328094,"<X-84.66773Y-84.66773>
"
1646959865.4340749,"<X-65.16134Y-65.16134>
"
1646959865.539912,"<X-39.83428Y-39.83428>
"
1646959865.640893,"<X-10.94895Y-10.94895>
"
1646959865.744313,"<X18.91442Y18.91442>
"
1646959865.85024,"<X47.08822Y47.08822>
"
1646959865.9537978,"<X71.05578Y71.05578>
"
1646959866.056489,"<X88.67613Y88.67613>
"
1646959866.157228,"<X98.3753Y98.3753>
"
1646959866.2607439,"<X99.28691Y99.28691>
"
1646959866.363394,"<X91.32951Y91.32951>
"
1646959866.465097,"<X75.21391Y75.21391>
"
1646959866.570067,"<X52.37969Y52.37969>
"
1646959866.675661,"<X24.86654Y24.86654>
"
1646959866.781659,"<X-4.86787Y-4.86787>
"
1646959866.8875022,"<X-34.16744Y-34.16744>
"
1646959866.993349,"<X-60.41493Y-60.41493>
"
1646959867.0992389,"<X-81.26574Y-81.26574>
"
1646959867.2018418,"<X-94.85732Y-94.85732>
"
1646959867.3078458,"<X-99.97558Y-99.97558>
"
1646959867.413903,"<X-96.16332Y-96.16332>
"
1646959867.51568,"<X-83.76108Y-83.76108>
"
1646959867.6215591,"<X-63.87671Y-63.87671>
"
1646959867.727406,"<X-38.28642Y-38.28642>
"
1646959867.832883,"<X-9.27612Y-9.27612>
"
1646959867.938678,"<X20.56279Y20.56279>
"
1646959868.044482,"<X48.56488Y48.56488>
"
1646959868.150186,"<X72.22882Y72.22882>
"
1646959868.2528,"<X89.44078Y89.44078>
"
1646959868.358627,"<X98.66325Y98.66325>
"
1646959868.464434,"<X99.07243Y99.07243>
"
1646959868.570294,"<X90.63177Y90.63177>
"
1646959868.6759648,"<X74.09524Y74.09524>
"
1646959868.778602,"<X50.94Y50.94>
"
1646959868.880513,"<X23.23444Y23.23444>
"
1646959868.986441,"<X-6.54657Y-6.54657>
"
1646959869.092302,"<X-35.74281Y-35.74281>
"
1646959869.1963542,"<X-61.74624Y-61.74624>
"
1646959869.301766,"<X-82.23407Y-82.23407>
"
1646959869.407614,"<X-95.37617Y-95.37617>
"
1646959869.513472,"<X-99.9986Y-99.9986>
"
1646959869.619318,"<X-95.68846Y-95.68846>
"
1646959869.720601,"<X-82.83075Y-82.83075>
"
1646959869.8231418,"<X-62.57402Y-62.57402>
"
1646959869.924459,"<X-36.72773Y-36.72773>
"
1646959870.026783,"<X-7.60067Y-7.60067>
"
1646959870.132809,"<X22.20534Y22.20534>
"
1646959870.2369401,"<X50.02781Y50.02781>
"
1646959870.34034,"<X73.38145Y73.38145>
"
1646959870.445842,"<X90.18014Y90.18014>
"
1646959870.5482612,"<X98.9233Y98.9233>
"
1646959870.650759,"<X98.82995Y98.82995>
"
1646959870.752755,"<X89.9084Y89.9084>
"
1646959870.855139,"<X72.95561Y72.95561>
"
1646959870.957911,"<X49.48591Y49.48591>
"
1646959871.058976,"<X21.59578Y21.59578>
"
1646959871.1624,"<X-8.22343Y-8.22343>
"
1646959871.265117,"<X-37.30807Y-37.30807>
"
1646959871.366473,"<X-63.0601Y-63.0601>
"
1646959871.46979,"<X-83.17915Y-83.17915>
"
1646959871.572226,"<X-95.86805Y-95.86805>
"
1646959871.672983,"<X-99.99335Y-99.99335>
"
1646959871.776737,"<X-95.18654Y-95.18654>
"
1646959871.879143,"<X-81.877Y-81.877>
"
1646959871.9819598,"<X-61.25363Y-61.25363>
"
1646959872.0838568,"<X-35.15866Y-35.15866>
"
1646959872.1846678,"<X-5.92307Y-5.92307>
"
1646959872.289129,"<X23.84161Y23.84161>
"
1646959872.3911529,"<X51.4766Y51.4766>
"
1646959872.493433,"<X74.51333Y74.51333>
"
1646959872.595689,"<X90.894Y90.894>
"
1646959872.698293,"<X99.15539Y99.15539>
"
1646959872.800926,"<X98.55952Y98.55952>
"
1646959872.901868,"<X89.15962Y89.15962>
"
1646959873.003124,"<X71.79536Y71.79536>
"
1646959873.1092029,"<X48.01783Y48.01783>
"
1646959873.210081,"<X19.95102Y19.95102>
"
1646959873.31283,"<X-9.89797Y-9.89797>
"
1646959873.415066,"<X-38.86279Y-38.86279>
"
1646959873.517544,"<X-64.35612Y-64.35612>
"
1646959873.6216488,"<X-84.10071Y-84.10071>
"
1646959873.72251,"<X-96.33283Y-96.33283>
"
1646959873.824644,"<X-99.95983Y-99.95983>
"
1646959873.928971,"<X-94.65771Y-94.65771>
"
1646959874.0316339,"<X-80.9001Y-80.9001>
"
1646959874.133339,"<X-59.91593Y-59.91593>
"
1646959874.236914,"<X-33.57965Y-33.57965>
"
1646959874.342613,"<X-4.24379Y-4.24379>
"
1646959874.443455,"<X25.47115Y25.47115>
"
1646959874.5493178,"<X52.91083Y52.91083>
"
1646959874.655116,"<X75.62414Y75.62414>
"
1646959874.757679,"<X91.58217Y91.58217>
"
1646959874.863507,"<X99.35944Y99.35944>
"
1646959874.9693172,"<X98.26123Y98.26123>
"
1646959875.0700831,"<X88.38563Y88.38563>
"
1646959875.1740549,"<X70.61481Y70.61481>
"
1646959875.2799082,"<X46.53618Y46.53618>
"
1646959875.380872,"<X18.30061Y18.30061>
"
1646959875.486784,"<X-11.5697Y-11.5697>
"
1646959875.59257,"<X-40.40652Y-40.40652>
"
1646959875.693295,"<X-65.63395Y-65.63395>
"
1646959875.799144,"<X-84.99849Y-84.99849>
"
1646959875.9033642,"<X-96.77037Y-96.77037>
"
1646959876.0071669,"<X-99.89804Y-99.89804>
"
1646959876.111392,"<X-94.10212Y-94.10212>
"
1646959876.217418,"<X-79.90034Y-79.90034>
"
1646959876.321184,"<X-58.56129Y-58.56129>
"
1646959876.424108,"<X-31.99114Y-31.99114>
"
1646959876.525862,"<X-2.56332Y-2.56332>
"
1646959876.632116,"<X27.09348Y27.09348>
"
1646959876.736217,"<X54.3301Y54.3301>
"
1646959876.839864,"<X76.71357Y76.71357>
"
1646959876.945791,"<X92.24445Y92.24445>
"
1646959877.05163,"<X99.5354Y99.5354>
"
1646959877.157514,"<X97.93515Y97.93515>
"
1646959877.258538,"<X87.58665Y87.58665>
"
1646959877.36598,"<X69.4143Y69.4143>
"
1646959877.4710999,"<X45.04137Y45.04137>
"
1646959877.576266,"<X16.64503Y16.64503>
"
1646959877.681452,"<X-13.23816Y-13.23816>
"
1646959877.7866151,"<X-41.93883Y-41.93883>
"
1646959877.891798,"<X-66.89322Y-66.89322>
"
1646959877.996963,"<X-85.87225Y-85.87225>
"
1646959878.1019268,"<X-97.18056Y-97.18056>
"
1646959878.204096,"<X-99.80802Y-99.80802>
"
1646959878.309294,"<X-93.51992Y-93.51992>
"
1646959878.415083,"<X-78.87798Y-78.87798>
"
1646959878.5191581,"<X-57.19009Y-57.19009>
"
1646959878.621094,"<X-30.39359Y-30.39359>
"
1646959878.7262578,"<X-0.88212Y-0.88212>
"
1646959878.83027,"<X28.70815Y28.70815>
"
1646959878.9316092,"<X55.73401Y55.73401>
"
1646959879.0366662,"<X77.78131Y77.78131>
"
1646959879.140227,"<X92.88064Y92.88064>
"
1646959879.244489,"<X99.68322Y99.68322>
"
1646959879.3454258,"<X97.58139Y97.58139>
"
1646959879.450428,"<X86.76291Y86.76291>
"
1646959879.555596,"<X68.19416Y68.19416>
"
1646959879.660762,"<X43.53382Y43.53382>
"
1646959879.764178,"<X14.98474Y14.98474>
"
1646959879.866241,"<X-14.90288Y-14.90288>
"
1646959879.9686348,"<X-43.45928Y-43.45928>
"
1646959880.071084,"<X-68.13358Y-68.13358>
"
1646959880.173766,"<X-86.72172Y-86.72172>
"
1646959880.27575,"<X-97.56326Y-97.56326>
"
1646959880.381481,"<X-99.68977Y-99.68977>
"
1646959880.4874518,"<X-92.91129Y-92.91129>
"
1646959880.588694,"<X-77.83332Y-77.83332>
"
1646959880.6910532,"<X-55.80273Y-55.80273>
"
1646959880.79697,"<X-28.78744Y-28.78744>
"
1646959880.902053,"<X0.79933Y0.79933>
"
1646959881.0031202,"<X30.31471Y30.31471>
"
1646959881.108969,"<X57.12216Y57.12216>
"
1646959881.2148612,"<X78.82706Y78.82706>
"
1646959881.320704,"<X93.49058Y93.49058>
"
1646959881.4265862,"<X99.80285Y99.80285>
"
1646959881.528189,"<X97.20004Y97.20004>
"
1646959881.634122,"<X85.91464Y85.91464>
"
1646959881.736665,"<X66.95474Y66.95474>
"
1646959881.8391418,"<X42.01397Y42.01397>
"
1646959881.9421718,"<X13.32022Y13.32022>
"
1646959882.04304,"<X-16.56339Y-16.56339>
"
1646959882.1440709,"<X-44.96744Y-44.96744>
"
1646959882.249951,"<X-69.35468Y-69.35468>
"
1646959882.3512142,"<X-87.54667Y-87.54667>
"
1646959882.4550421,"<X-97.91838Y-97.91838>
"
1646959882.5605912,"<X-99.54334Y-99.54334>
"
1646959882.665098,"<X-92.27638Y-92.27638>
"
1646959882.770924,"<X-76.76665Y-76.76665>
"
1646959882.876781,"<X-54.39958Y-54.39958>
"
1646959882.982667,"<X-27.17316Y-27.17316>
"
1646959883.085398,"<X2.48056Y2.48056>
"
1646959883.18991,"<X31.91269Y31.91269>
"
1646959883.295823,"<X58.49416Y58.49416>
"
1646959883.396933,"<X79.85053Y79.85053>
"
1646959883.5019069,"<X94.07408Y94.07408>
"
1646959883.6030579,"<X99.89427Y99.89427>
"
1646959883.7090712,"<X96.79121Y96.79121>
"
1646959883.814914,"<X85.04208Y85.04208>
"
1646959883.920758,"<X65.69639Y65.69639>
"
1646959884.0217128,"<X40.48224Y40.48224>
"
1646959884.127681,"<X11.65193Y11.65193>
"
1646959884.228469,"<X-18.21921Y-18.21921>
"
1646959884.333715,"<X-46.46289Y-46.46289>
"
1646959884.4367318,"<X-70.55617Y-70.55617>
"
1646959884.5402381,"<X-88.34688Y-88.34688>
"
1646959884.646129,"<X-98.24582Y-98.24582>
"
1646959884.7476852,"<X-99.36876Y-99.36876>
"
1646959884.851736,"<X-91.61539Y-91.61539>
"
1646959884.953643,"<X-75.67828Y-75.67828>
"
1646959885.055567,"<X-52.98106Y-52.98106>
"
1646959885.160618,"<X-25.5512Y-25.5512>
"
1646959885.26474,"<X4.16108Y4.16108>
"
1646959885.36918,"<X33.50166Y33.50166>
"
1646959885.474329,"<X59.84963Y59.84963>
"
1646959885.580239,"<X80.85141Y80.85141>
"
1646959885.686124,"<X94.63098Y94.63098>
"
1646959885.7902021,"<X99.95745Y99.95745>
"
1646959885.896092,"<X96.35501Y96.35501>
"
1646959886.001461,"<X84.14547Y84.14547>
"
1646959886.107296,"<X64.41946Y64.41946>
"
1646959886.213151,"<X38.93906Y38.93906>
"
1646959886.317444,"<X9.98034Y9.98034>
"
1646959886.420172,"<X-19.86989Y-19.86989>
"
1646959886.5221791,"<X-47.9452Y-47.9452>
"
1646959886.624539,"<X-71.73771Y-71.73771>
"
1646959886.726929,"<X-89.1221Y-89.1221>
"
1646959886.829716,"<X-98.54549Y-98.54549>
"
1646959886.931697,"<X-99.16609Y-99.16609>
"
1646959887.033371,"<X-90.92849Y-90.92849>
"
1646959887.1365519,"<X-74.56851Y-74.56851>
"
1646959887.2384799,"<X-51.54755Y-51.54755>
"
1646959887.343988,"<X-23.92201Y-23.92201>
"
1646959887.447534,"<X5.84042Y5.84042>
"
1646959887.553432,"<X35.08115Y35.08115>
"
1646959887.659285,"<X61.18817Y61.18817>
"
1646959887.762111,"<X81.82944Y81.82944>
"
1646959887.863501,"<X95.16113Y95.16113>
"
1646959887.967414,"<X99.99236Y99.99236>
"
1646959888.073267,"<X95.89157Y95.89157>
"
1646959888.177204,"<X83.22507Y83.22507>
"
1646959888.2831411,"<X63.12433Y63.12433>
"
1646959888.384348,"<X37.38487Y37.38487>
"
1646959888.487697,"<X8.30594Y8.30594>
"
1646959888.5935612,"<X-21.51494Y-21.51494>
"
1646959888.6993952,"<X-49.41396Y-49.41396>
"
1646959888.802071,"<X-72.89897Y-72.89897>
"
1646959888.907947,"<X-89.87213Y-89.87213>
"
1646959889.010664,"<X-98.81729Y-98.81729>
"
1646959889.116735,"<X-98.93539Y-98.93539>
"
1646959889.218411,"<X-90.21588Y-90.21588>
"
1646959889.324322,"<X-73.43766Y-73.43766>
"
1646959889.430179,"<X-50.09948Y-50.09948>
"
1646959889.535393,"<X-22.28605Y-22.28605>
"
1646959889.636226,"<X7.51812Y7.51812>
"
1646959889.7395651,"<X36.65072Y36.65072>
"
1646959889.84555,"<X62.50942Y62.50942>
"
1646959889.949885,"<X82.78434Y82.78434>
"
1646959890.050868,"<X95.66438Y95.66438>
"
1646959890.1568651,"<X99.99901Y99.99901>
"
1646959890.2627919,"<X95.40102Y95.40102>
"
1646959890.367678,"<X82.28115Y82.28115>
"
1646959890.469784,"<X61.81134Y61.81134>
"
1646959890.57123,"<X35.82011Y35.82011>
"
1646959890.677106,"<X6.62918Y6.62918>
"
1646959890.782919,"<X-23.15392Y-23.15392>
"
1646959890.883771,"<X-50.86874Y-50.86874>
"
1646959890.989683,"<X-74.03962Y-74.03962>
"
1646959891.0955222,"<X-90.59675Y-90.59675>
"
1646959891.196494,"<X-99.06115Y-99.06115>
"
1646959891.3021061,"<X-98.67671Y-98.67671>
"
1646959891.4079008,"<X-89.47777Y-89.47777>
"
1646959891.513855,"<X-72.28605Y-72.28605>
"
1646959891.619686,"<X-48.63724Y-48.63724>
"
1646959891.7249029,"<X-20.6438Y-20.6438>
"
1646959891.830058,"<X9.19369Y9.19369>
"
1646959891.9352572,"<X38.20993Y38.20993>
"
1646959892.039808,"<X63.81299Y63.81299>
"
1646959892.144934,"<X83.71583Y83.71583>
"
1646959892.2504299,"<X96.14058Y96.14058>
"
1646959892.3523781,"<X99.97738Y99.97738>
"
1646959892.4575949,"<X94.8835Y94.8835>
"
1646959892.5627599,"<X81.31396Y81.31396>
"
1646959892.6652842,"<X60.48088Y60.48088>
"
1646959892.768534,"<X34.24523Y34.24523>
"
1646959892.870708,"<X4.95055Y4.95055>
"
1646959892.973255,"<X-24.78634Y-24.78634>
"
1646959893.075957,"<X-52.30915Y-52.30915>
"
1646959893.178366,"<X-75.15933Y-75.15933>
"
1646959893.2806778,"<X-91.29576Y-91.29576>
"
1646959893.3821461,"<X-99.277Y-99.277>
"
1646959893.485307,"<X-98.39013Y-98.39013>
"
1646959893.587668,"<X-88.71436Y-88.71436>
"
1646959893.689999,"<X-71.114Y-71.114>
"
1646959893.792767,"<X-47.16124Y-47.16124>
"
1646959893.8939252,"<X-18.99571Y-18.99571>
"
1646959893.997171,"<X10.86666Y10.86666>
"
1646959894.1021361,"<X39.75833Y39.75833>
"
1646959894.2079911,"<X65.09852Y65.09852>
"
1646959894.313834,"<X84.62365Y84.62365>
"
1646959894.4153621,"<X96.5896Y96.5896>
"
1646959894.519493,"<X99.92748Y99.92748>
"
1646959894.6222022,"<X94.33915Y94.33915>
"
1646959894.727863,"<X80.32378Y80.32378>
"
1646959894.830095,"<X59.13332Y59.13332>
"
1646959894.931715,"<X32.66066Y32.66066>
"
1646959895.032629,"<X3.27053Y3.27053>
"
1646959895.138504,"<X-26.41176Y-26.41176>
"
1646959895.240396,"<X-53.73476Y-53.73476>
"
1646959895.342259,"<X-76.2578Y-76.2578>
"
1646959895.44815,"<X-91.96895Y-91.96895>
"
1646959895.5541608,"<X-99.46479Y-99.46479>
"
1646959895.660028,"<X-98.07574Y-98.07574>
"
1646959895.761557,"<X-87.92587Y-87.92587>
"
1646959895.8674371,"<X-69.92185Y-69.92185>
"
1646959895.9732769,"<X-45.67192Y-45.67192>
"
1646959896.079166,"<X-17.34225Y-17.34225>
"
1646959896.181102,"<X12.53655Y12.53655>
"
1646959896.286643,"<X41.2955Y41.2955>
"
1646959896.388507,"<X66.36564Y66.36564>
"
1646959896.4945018,"<X85.50754Y85.50754>
"
1646959896.600363,"<X97.0113Y97.0113>
"
1646959896.7022002,"<X99.84934Y99.84934>
"
1646959896.808085,"<X93.76813Y93.76813>
"
1646959896.913909,"<X79.31089Y79.31089>
"
1646959897.014905,"<X57.76904Y57.76904>
"
1646959897.120791,"<X31.06686Y31.06686>
"
1646959897.224691,"<X1.58957Y1.58957>
"
1646959897.3258,"<X-28.02971Y-28.02971>
"
1646959897.4348109,"<X-55.14518Y-55.14518>
"
1646959897.541367,"<X-77.3347Y-77.3347>
"
1646959897.6461089,"<X-92.61614Y-92.61614>
"
1646959897.754536,"<X-99.62445Y-99.62445>
"
1646959897.86463,"<X-97.73361Y-97.73361>
"
1646959897.9711812,"<X-87.11252Y-87.11252>
"
1646959898.078196,"<X-68.70992Y-68.70992>
"
1646959898.1889348,"<X-44.16968Y-44.16968>
"
1646959898.393304,"<X-15.68388Y-15.68388>
"
1646959898.5018282,"<X14.20291Y14.20291>
"
1646959898.6104362,"<X42.82099Y42.82099>
"
1646959898.71721,"<X67.614Y67.614>
"
1646959898.825939,"<X86.36726Y86.36726>
"
1646959898.9361012,"<X97.40559Y97.40559>
"
1646959899.040298,"<X99.74296Y99.74296>
"
1646959899.140865,"<X93.17059Y93.17059>
"
1646959899.249481,"<X78.27558Y78.27558>
"
1646959899.353894,"<X56.38843Y56.38843>
"
1646959899.461231,"<X29.46428Y29.46428>
"
1646959899.571275,"<X-0.09183Y-0.09183>
"
1646959899.673867,"<X-29.63974Y-29.63974>
"
1646959899.7750158,"<X-56.54001Y-56.54001>
"
1646959899.878429,"<X-78.38974Y-78.38974>
"
1646959899.986551,"<X-93.23714Y-93.23714>
"
1646959900.0891562,"<X-99.75595Y-99.75595>
"
1646959900.198464,"<X-97.36386Y-97.36386>
"
1646959900.303107,"<X-86.27454Y-86.27454>
"
1646959900.4280179,"<X-67.47857Y-67.47857>
"
1646959900.535727,"<X-42.65495Y-42.65495>
"
1646959900.6476328,"<X-14.02108Y-14.02108>
"
1646959900.779756,"<X15.86524Y15.86524>
"
1646959900.88714,"<X44.33438Y44.33438>
"
1646959900.99146,"<X68.84325Y68.84325>
"
1646959901.095617,"<X87.20256Y87.20256>
"
1646959901.2042382,"<X97.77233Y97.77233>
"
1646959901.315115,"<X99.60838Y99.60838>
"
1646959901.422368,"<X92.54672Y92.54672>
"
1646959901.530269,"<X77.21813Y77.21813>
"
1646959901.6338859,"<X54.99188Y54.99188>
"
1646959901.743108,"<X27.85337Y27.85337>
"
1646959901.85269,"<X-1.77321Y-1.77321>
"
1646959901.96165,"<X-31.24138Y-31.24138>
"
1646959902.069694,"<X-57.91886Y-57.91886>
"
1646959902.175068,"<X-79.42262Y-79.42262>
"
1646959902.2844841,"<X-93.83179Y-93.83179>
"
1646959902.395384,"<X-99.85925Y-99.85925>
"
1646959902.499976,"<X-96.96658Y-96.96658>
"
1646959902.6013582,"<X-85.41217Y-85.41217>
"
1646959902.704714,"<X-66.22815Y-66.22815>
"
1646959902.80565,"<X-41.12816Y-41.12816>
"
1646959902.9084039,"<X-12.35432Y-12.35432>
"
1646959903.017706,"<X17.52309Y17.52309>
"
1646959903.127219,"<X45.83522Y45.83522>
"
1646959903.236595,"<X70.05303Y70.05303>
"
1646959903.347497,"<X88.01321Y88.01321>
"
1646959903.451375,"<X98.11143Y98.11143>
"
1646959903.562204,"<X99.44564Y99.44564>
"
1646959903.6729972,"<X91.89668Y91.89668>
"
1646959903.7822132,"<X76.13886Y76.13886>
"
1646959903.893165,"<X53.57978Y53.57978>
"
1646959904.000422,"<X26.23458Y26.23458>
"
1646959904.1041942,"<X-3.45408Y-3.45408>
"
1646959904.207063,"<X-32.8342Y-32.8342>
"
1646959904.308319,"<X-59.28133Y-59.28133>
"
1646959904.411881,"<X-80.43304Y-80.43304>
"
1646959904.5219462,"<X-94.39991Y-94.39991>
"
1646959904.6329181,"<X-99.93431Y-99.93431>
"
1646959904.7437608,"<X-96.54188Y-96.54188>
"
1646959904.854601,"<X-84.52565Y-84.52565>
"
1646959904.960222,"<X-64.95899Y-64.95899>
"
1646959905.071106,"<X-39.58975Y-39.58975>
"
1646959905.1752791,"<X-10.68407Y-10.68407>
"
1646959905.286239,"<X19.17599Y19.17599>
"
1646959905.389087,"<X47.32312Y47.32312>
"
1646959905.49424,"<X71.24301Y71.24301>
"
1646959905.6045928,"<X88.79897Y88.79897>
"
1646959905.715188,"<X98.42279Y98.42279>
"
1646959905.824616,"<X99.25479Y99.25479>
"
1646959905.935478,"<X91.22066Y91.22066>
"
1646959906.0390642,"<X75.03806Y75.03806>
"
1646959906.146784,"<X52.15253Y52.15253>
"
1646959906.2546718,"<X24.60837Y24.60837>
"
1646959906.364883,"<X-5.13398Y-5.13398>
"
1646959906.475248,"<X-34.41773Y-34.41773>
"
1646959906.5860841,"<X-60.62704Y-60.62704>
"
1646959906.690816,"<X-81.42072Y-81.42072>
"
1646959906.792431,"<X-94.94133Y-94.94133>
"
1646959906.9033768,"<X-99.98112Y-99.98112>
"
1646959907.011914,"<X-96.08989Y-96.08989>
"
1646959907.123636,"<X-83.61523Y-83.61523>
"
1646959907.23455,"<X-63.67148Y-63.67148>
"
1646959907.337607,"<X-38.04014Y-38.04014>
"
1646959907.448159,"<X-9.01079Y-9.01079>
"
1646959907.5564291,"<X20.82347Y20.82347>
"
1646959907.6673012,"<X48.79763Y48.79763>
"
1646959907.775271,"<X72.41284Y72.41284>
"
1646959907.886165,"<X89.55963Y89.55963>
"
1646959907.988812,"<X98.70632Y98.70632>
"
1646959908.0965812,"<X99.03587Y99.03587>
"
1646959908.200062,"<X90.51885Y90.51885>
"
1646959908.302787,"<X73.91604Y73.91604>
"
1646959908.410261,"<X50.71053Y50.71053>
"
1646959908.5171788,"<X22.97521Y22.97521>
"
1646959908.6248388,"<X-6.81243Y-6.81243>
"
1646959908.735714,"<X-35.99153Y-35.99153>
"
1646959908.846391,"<X-61.95561Y-61.95561>
"
1646959908.957176,"<X-82.38538Y-82.38538>
"
1646959909.058696,"<X-95.45592Y-95.45592>
"
1646959909.161348,"<X-99.99966Y-99.99966>
"
1646959909.263654,"<X-95.61073Y-95.61073>
"
1646959909.371222,"<X-82.68117Y-82.68117>
"
1646959909.475248,"<X-62.36596Y-62.36596>
"
1646959909.57701,"<X-36.47978Y-36.47978>
"
1646959909.680182,"<X-7.33496Y-7.33496>
"
1646959909.788037,"<X22.46506Y22.46506>
"
1646959909.8940318,"<X50.25834Y50.25834>
"
1646959910.002431,"<X73.5622Y73.5622>
"
1646959910.105282,"<X90.29496Y90.29496>
"
1646959910.213043,"<X98.96195Y98.96195>
"
1646959910.314053,"<X98.78896Y98.78896>
"
1646959910.422452,"<X89.79144Y89.79144>
"
1646959910.5265028,"<X72.77312Y72.77312>
"
1646959910.628007,"<X49.2542Y49.2542>
"
1646959910.73883,"<X21.33555Y21.33555>
"
1646959910.849667,"<X-8.48895Y-8.48895>
"
1646959910.9604821,"<X-37.55515Y-37.55515>
"
1646959911.066494,"<X-63.26666Y-63.26666>
"
1646959911.175303,"<X-83.32675Y-83.32675>
"
1646959911.286153,"<X-95.94351Y-95.94351>
"
1646959911.3969479,"<X-99.98992Y-99.98992>
"
1646959911.5077472,"<X-95.10453Y-95.10453>
"
1646959911.618588,"<X-81.72374Y-81.72374>
"
1646959911.729447,"<X-61.0428Y-61.0428>
"
1646959911.840297,"<X-34.9091Y-34.9091>
"
1646959911.949527,"<X-5.65707Y-5.65707>
"
1646959912.0604339,"<X24.10029Y24.10029>
"
1646959912.163411,"<X51.70485Y51.70485>
"
1646959912.2745202,"<X74.69076Y74.69076>
"
1646959912.385389,"<X91.00477Y91.00477>
"
1646959912.496217,"<X99.18959Y99.18959>
"
1646959912.5971231,"<X98.51411Y98.51411>
"
1646959912.7059982,"<X89.03865Y89.03865>
"
1646959912.812351,"<X71.60963Y71.60963>
"
1646959912.9243279,"<X47.78394Y47.78394>
"
1646959913.028779,"<X19.68986Y19.68986>
"
1646959913.136551,"<X-10.16307Y-10.16307>
"
1646959913.242353,"<X-39.10816Y-39.10816>
"
1646959913.345026,"<X-64.55983Y-64.55983>
"
1646959913.446261,"<X-84.24456Y-84.24456>
"
1646959913.554469,"<X-96.40398Y-96.40398>
"
1646959913.6645172,"<X-99.95192Y-99.95192>
"
1646959913.7748008,"<X-94.57145Y-94.57145>
"
1646959913.883733,"<X-80.7432Y-80.7432>
"
1646959913.989135,"<X-59.70239Y-59.70239>
"
1646959914.099966,"<X-33.32855Y-33.32855>
"
1646959914.206341,"<X-3.97757Y-3.97757>
"
1646959914.316103,"<X25.72872Y25.72872>
"
1646959914.4207559,"<X53.13673Y53.13673>
"
1646959914.527061,"<X75.7982Y75.7982>
"
1646959914.635156,"<X91.68885Y91.68885>
"
1646959914.746022,"<X99.3892Y99.3892>
"
1646959914.856682,"<X98.21141Y98.21141>
"
1646959914.9622772,"<X88.26069Y88.26069>
"
1646959915.0703201,"<X70.4259Y70.4259>
"
1646959915.1753721,"<X46.30018Y46.30018>
"
1646959915.2862248,"<X18.0386Y18.0386>
"
1646959915.3970098,"<X-11.83432Y-11.83432>
"
1646959915.507863,"<X-40.65011Y-40.65011>
"
1646959915.6186519,"<X-65.83474Y-65.83474>
"
1646959915.7239838,"<X-85.13856Y-85.13856>
"
1646959915.82476,"<X-96.8372Y-96.8372>
"
1646959915.935359,"<X-99.88566Y-99.88566>
"
1646959916.042167,"<X-94.01164Y-94.01164>
"
1646959916.143012,"<X-79.73983Y-79.73983>
"
1646959916.254457,"<X-58.3451Y-58.3451>
"
1646959916.358318,"<X-31.73858Y-31.73858>
"
1646959916.465657,"<X-2.29695Y-2.29695>
"
1646959916.573946,"<X27.34987Y27.34987>
"
1646959916.675733,"<X54.5536Y54.5536>
"
1646959916.776714,"<X76.88422Y76.88422>
"
1646959916.883253,"<X92.347Y92.347>
"
1646959916.9938948,"<X99.5607Y99.5607>
"
1646959917.0971231,"<X97.88094Y97.88094>
"
1646959917.2079182,"<X87.45777Y87.45777>
"
1646959917.313622,"<X69.22225Y69.22225>
"
1646960058.009557,"<X44.80332Y44.80332>
"
1646960058.219852,"<X16.38224Y16.38224>
"
